Player,Pos,Age,Tm,G,GS,MP,FG,FGA,FG%,3P,3PA,3P%,2P,2PA,2P%,eFG%,FT,FTA,FT%,ORB,DRB,TRB,AST,STL,BLK,TOV,PF,PTS,season
Steven Adams,C,26,OKC,63,63,26.7,4.5,7.6,.592,0.0,0.0,.333,4.5,7.5,.594,.593,1.9,3.2,.582,3.3,6.0,9.3,2.3,0.8,1.1,1.5,1.9,10.9,2020
Bam Adebayo,PF,22,MIA,72,72,33.6,6.1,11.0,.557,0.0,0.2,.143,6.1,10.8,.564,.558,3.7,5.3,.691,2.4,7.8,10.2,5.1,1.1,1.3,2.8,2.5,15.9,2020
LaMarcus Aldridge,C,34,SAS,53,53,33.1,7.4,15.0,.493,1.2,3.0,.389,6.2,12.0,.519,.532,3.0,3.6,.827,1.9,5.5,7.4,2.4,0.7,1.6,1.4,2.4,18.9,2020
Kyle Alexander,PF,23,MIA,2,0,6.5,0.5,1.0,.500,0.0,0.0,,0.5,1.0,.500,.500,0.0,0.0,,1.0,0.5,1.5,0.0,0.0,0.0,0.5,0.5,1.0,2020
Jarrett Allen,C,21,BRK,70,64,26.5,4.3,6.6,.649,0.0,0.1,.000,4.3,6.6,.658,.649,2.4,3.9,.633,3.1,6.5,9.6,1.6,0.6,1.3,1.1,2.3,11.1,2020
Al-Farouq Aminu,PF,29,ORL,18,2,21.1,1.4,4.8,.291,0.5,2.0,.250,0.9,2.8,.320,.343,1.1,1.6,.655,1.3,3.5,4.8,1.2,1.0,0.4,0.9,1.5,4.3,2020
Kyle Anderson,PF,26,MEM,67,28,19.9,2.3,4.9,.474,0.4,1.3,.282,2.0,3.7,.541,.511,0.8,1.2,.667,0.9,3.4,4.3,2.4,0.8,0.6,1.0,1.7,5.8,2020
Ryan Anderson,C,31,HOU,2,0,7.0,1.0,3.5,.286,0.5,2.5,.200,0.5,1.0,.500,.357,0.0,0.0,,0.0,3.5,3.5,1.0,0.5,0.0,0.5,0.5,2.5,2020
Giannis Antetokounmpo,PF,25,MIL,63,63,30.4,10.9,19.7,.553,1.4,4.7,.304,9.5,15.0,.631,.589,6.3,10.0,.633,2.2,11.4,13.6,5.6,1.0,1.0,3.7,3.1,29.5,2020
Kostas Antetokounmpo,PF,22,LAL,5,0,4.0,0.6,0.6,1.000,0.0,0.0,,0.6,0.6,1.000,1.000,0.2,0.4,.500,0.4,0.2,0.6,0.4,0.0,0.0,0.2,0.4,1.4,2020
Carmelo Anthony,PF,35,POR,58,58,32.8,5.8,13.5,.430,1.5,3.9,.385,4.3,9.6,.448,.485,2.3,2.8,.845,1.2,5.1,6.3,1.5,0.8,0.5,1.7,2.9,15.4,2020
Deandre Ayton,C,21,PHO,38,32,32.5,8.2,14.9,.546,0.1,0.3,.231,8.1,14.6,.553,.548,1.8,2.3,.753,3.9,7.6,11.5,1.9,0.7,1.5,2.1,3.1,18.2,2020
Marvin Bagley III,PF,20,SAC,13,6,25.7,6.0,12.8,.467,0.3,1.7,.182,5.7,11.2,.510,.479,1.9,2.4,.806,2.2,5.2,7.5,0.8,0.5,0.9,1.4,3.3,14.2,2020
Mo Bamba,C,21,ORL,62,0,14.2,2.1,4.6,.462,0.6,1.7,.346,1.5,2.9,.531,.526,0.5,0.7,.674,1.6,3.3,4.9,0.7,0.4,1.4,0.7,1.9,5.4,2020
Harrison Barnes,PF,27,SAC,72,72,34.5,5.1,11.0,.460,1.4,3.7,.381,3.7,7.3,.501,.525,3.0,3.7,.801,1.1,3.9,4.9,2.2,0.6,0.2,1.2,1.3,14.5,2020
Aron Baynes,C,33,PHO,42,28,22.2,4.4,9.1,.480,1.4,4.0,.351,3.0,5.1,.582,.558,1.3,1.8,.747,1.7,4.0,5.6,1.6,0.2,0.5,1.2,3.4,11.5,2020
Darius Bazley,PF,19,OKC,61,9,18.5,2.0,5.2,.394,0.8,2.3,.348,1.2,2.9,.432,.472,0.7,1.0,.694,0.5,3.5,4.0,0.7,0.4,0.7,0.7,0.9,5.6,2020
Jordan Bell,C-PF,25,TOT,29,0,8.8,1.2,2.3,.522,0.1,0.4,.333,1.1,1.9,.564,.552,0.7,1.1,.613,1.0,1.8,2.8,0.6,0.1,0.3,0.7,0.7,3.2,2020
Jordan Bell,C,25,MIN,27,0,8.7,1.2,2.2,.533,0.1,0.3,.222,1.1,1.9,.588,.550,0.6,1.1,.586,1.0,1.9,2.9,0.5,0.1,0.4,0.7,0.6,3.1,2020
Jordan Bell,PF,25,MEM,2,0,10.5,1.5,3.5,.429,1.0,1.5,.667,0.5,2.0,.250,.571,1.0,1.0,1.000,1.0,0.5,1.5,1.0,0.5,0.0,1.5,1.0,5.0,2020
Dāvis Bertāns,PF,27,WAS,54,4,29.3,4.9,11.3,.434,3.7,8.7,.424,1.2,2.6,.471,.598,1.9,2.3,.852,0.6,3.9,4.5,1.7,0.7,0.6,1.1,2.6,15.4,2020
Khem Birch,C,27,ORL,48,24,19.2,1.5,3.0,.510,0.0,0.0,.000,1.5,3.0,.514,.510,1.4,2.1,.653,1.9,2.7,4.6,1.0,0.4,0.5,0.6,1.9,4.4,2020
Goga Bitadze,C,20,IND,54,2,8.7,1.3,2.8,.467,0.1,0.8,.190,1.1,2.0,.574,.493,0.4,0.6,.727,0.5,1.5,2.0,0.4,0.2,0.7,0.5,1.2,3.2,2020
Bismack Biyombo,C,27,CHO,53,29,19.4,2.8,5.2,.543,0.0,0.0,,2.8,5.2,.543,.543,1.7,2.8,.603,2.3,3.5,5.8,0.9,0.2,0.9,0.9,2.2,7.4,2020
Nemanja Bjelica,PF,31,SAC,72,67,27.9,4.4,9.1,.481,1.9,4.4,.419,2.5,4.6,.541,.583,1.0,1.2,.821,1.5,4.8,6.4,2.8,0.9,0.6,1.4,3.0,11.5,2020
Jonah Bolden,PF,24,TOT,7,0,6.7,0.6,1.6,.364,0.0,0.6,.000,0.6,1.0,.571,.364,0.3,0.6,.500,0.4,0.9,1.3,0.0,0.4,0.3,0.3,1.4,1.4,2020
Jonah Bolden,PF,24,PHI,4,0,3.5,0.5,0.8,.667,0.0,0.3,.000,0.5,0.5,1.000,.667,0.0,0.5,.000,0.0,0.3,0.3,0.0,0.3,0.0,0.5,1.0,1.0,2020
Jonah Bolden,PF,24,PHO,3,0,11.0,0.7,2.7,.250,0.0,1.0,.000,0.7,1.7,.400,.250,0.7,0.7,1.000,1.0,1.7,2.7,0.0,0.7,0.7,0.0,2.0,2.0,2020
Marques Bolden,C,21,CLE,1,0,3.0,0.0,0.0,,0.0,0.0,,0.0,0.0,,,0.0,0.0,,0.0,2.0,2.0,0.0,1.0,0.0,0.0,1.0,0.0,2020
Chris Boucher,PF,27,TOR,62,0,13.2,2.3,4.8,.472,0.6,1.9,.322,1.7,2.9,.569,.535,1.5,1.9,.784,1.7,2.7,4.5,0.4,0.4,1.0,0.5,1.8,6.6,2020
Tony Bradley,C,22,UTA,58,3,11.4,2.2,3.3,.667,0.1,0.1,1.000,2.1,3.2,.661,.675,0.5,0.8,.652,1.9,2.7,4.6,0.4,0.2,0.6,0.5,2.0,4.9,2020
Jarrell Brantley,PF,23,UTA,9,0,10.7,1.1,3.1,.357,0.3,1.4,.231,0.8,1.7,.467,.411,0.1,0.2,.500,0.2,2.0,2.2,1.2,0.3,0.6,0.8,0.8,2.7,2020
Moses Brown,C,20,POR,9,0,3.7,0.4,1.1,.400,0.0,0.0,,0.4,1.1,.400,.400,0.3,0.9,.375,0.3,1.2,1.6,0.1,0.1,0.1,0.3,0.8,1.2,2020
Thomas Bryant,C,22,WAS,46,36,24.9,5.3,9.1,.581,0.8,2.0,.407,4.5,7.1,.630,.626,1.9,2.5,.741,2.1,5.1,7.2,1.8,0.5,1.1,1.2,2.2,13.2,2020
Bruno Caboclo,C,24,TOT,30,0,8.1,1.3,3.0,.427,0.2,1.1,.182,1.1,1.9,.571,.461,0.3,0.3,.889,0.8,1.2,2.0,0.4,0.5,0.6,0.4,1.0,3.0,2020
Bruno Caboclo,C,24,MEM,22,0,8.7,1.3,3.1,.406,0.2,1.1,.160,1.1,2.0,.545,.435,0.1,0.1,.667,0.8,1.2,2.0,0.5,0.5,0.5,0.3,1.0,2.8,2020
Bruno Caboclo,C,24,HOU,8,0,6.5,1.3,2.5,.500,0.3,1.0,.250,1.0,1.5,.667,.550,0.8,0.8,1.000,0.8,1.3,2.0,0.3,0.6,0.6,0.8,1.0,3.5,2020
Devontae Cacok,C,23,LAL,1,0,9.0,3.0,6.0,.500,0.0,0.0,,3.0,6.0,.500,.500,0.0,0.0,,2.0,3.0,5.0,1.0,0.0,0.0,0.0,0.0,6.0,2020
Clint Capela,C,25,HOU,39,39,32.8,6.3,9.9,.629,0.0,0.0,,6.3,9.9,.629,.629,1.4,2.7,.529,4.3,9.5,13.8,1.2,0.8,1.8,1.6,2.6,13.9,2020
DeMarre Carroll,PF,33,HOU,9,0,17.2,1.8,4.1,.432,0.6,2.2,.250,1.2,1.9,.647,.500,1.9,2.4,.773,0.6,2.1,2.7,1.6,0.7,0.3,0.8,1.3,6.0,2020
Wendell Carter Jr.,C,20,CHI,43,43,29.2,4.3,8.0,.534,0.1,0.7,.207,4.1,7.3,.564,.542,2.6,3.5,.737,3.2,6.2,9.4,1.2,0.8,0.8,1.7,3.8,11.3,2020
Willie Cauley-Stein,C,26,TOT,54,39,20.3,3.2,5.6,.579,0.0,0.0,.000,3.2,5.6,.581,.579,0.7,1.2,.606,1.6,4.3,5.8,1.3,0.9,1.1,0.7,2.2,7.2,2020
Willie Cauley-Stein,C,26,GSW,41,37,22.9,3.5,6.3,.560,0.0,0.0,,3.5,6.3,.560,.560,0.9,1.4,.614,1.7,4.5,6.2,1.5,1.1,1.2,0.9,2.5,7.9,2020
Willie Cauley-Stein,C,26,DAL,13,2,12.1,2.4,3.5,.689,0.0,0.1,.000,2.4,3.4,.705,.689,0.4,0.7,.556,1.0,3.6,4.6,0.8,0.3,0.8,0.4,1.5,5.2,2020
Tyson Chandler,C,37,HOU,26,5,8.4,0.5,0.7,.778,0.0,0.0,,0.5,0.7,.778,.778,0.2,0.5,.462,1.0,1.6,2.5,0.2,0.2,0.3,0.3,1.2,1.3,2020
Marquese Chriss,PF,22,GSW,59,21,20.3,3.6,6.5,.545,0.1,0.7,.205,3.4,5.9,.584,.556,2.0,2.6,.769,1.9,4.3,6.2,1.9,0.7,1.1,1.3,2.1,9.3,2020
Gary Clark,PF,25,TOT,42,5,13.5,1.3,3.2,.406,0.9,2.6,.351,0.4,0.5,.682,.553,0.2,0.2,.900,0.9,1.7,2.6,0.4,0.1,0.5,0.2,1.1,3.7,2020
Gary Clark,PF,25,HOU,18,0,11.8,1.3,3.3,.390,1.0,2.8,.353,0.3,0.4,.625,.542,0.3,0.4,.857,0.6,1.6,2.2,0.7,0.1,0.4,0.1,1.2,3.9,2020
Gary Clark,PF,25,ORL,24,5,14.8,1.3,3.1,.419,0.9,2.5,.350,0.4,0.6,.714,.561,0.1,0.1,1.000,1.1,1.8,2.9,0.2,0.2,0.6,0.3,1.0,3.6,2020
Brandon Clarke,PF,23,MEM,58,4,22.4,5.1,8.3,.618,0.4,1.1,.359,4.7,7.2,.658,.642,1.5,1.9,.759,1.6,4.4,5.9,1.4,0.6,0.8,0.9,1.7,12.1,2020
Nicolas Claxton,PF,20,BRK,15,0,12.5,1.8,3.2,.563,0.1,0.5,.143,1.7,2.7,.634,.573,0.7,1.4,.524,1.3,1.7,2.9,1.1,0.1,0.5,0.6,0.9,4.4,2020
John Collins,PF,22,ATL,41,41,33.2,8.6,14.8,.583,1.4,3.6,.401,7.2,11.2,.642,.632,2.9,3.7,.800,2.8,7.3,10.1,1.5,0.8,1.6,1.8,3.4,21.6,2020
Zach Collins,PF,22,POR,11,11,26.4,2.9,6.2,.471,0.6,1.7,.368,2.3,4.5,.510,.522,0.5,0.7,.750,2.3,4.0,6.3,1.5,0.5,0.5,1.3,3.3,7.0,2020
Tyler Cook,PF,22,TOT,13,0,4.2,0.6,0.9,.667,0.0,0.0,,0.6,0.9,.667,.667,0.5,0.6,.875,0.5,0.6,1.1,0.1,0.2,0.0,0.2,0.4,1.8,2020
Tyler Cook,PF,22,CLE,11,0,3.2,0.6,0.9,.700,0.0,0.0,,0.6,0.9,.700,.700,0.5,0.5,.833,0.4,0.5,0.9,0.1,0.1,0.0,0.1,0.4,1.7,2020
Tyler Cook,PF,22,DEN,2,0,9.5,0.5,1.0,.500,0.0,0.0,,0.5,1.0,.500,.500,1.0,1.0,1.000,1.0,1.0,2.0,0.0,1.0,0.0,1.0,0.5,2.0,2020
Robert Covington,PF-C,29,TOT,70,68,30.5,4.4,10.3,.422,2.3,6.9,.335,2.1,3.5,.593,.533,1.4,1.8,.798,0.9,5.7,6.6,1.3,1.6,1.3,1.5,3.1,12.4,2020
Robert Covington,PF,29,MIN,48,47,29.4,4.5,10.3,.435,2.3,6.5,.346,2.3,3.8,.587,.544,1.6,2.0,.798,0.8,5.2,6.0,1.2,1.7,0.9,1.5,3.1,12.8,2020
Robert Covington,C,29,HOU,22,21,33.0,4.0,10.3,.392,2.4,7.6,.315,1.6,2.7,.610,.509,1.1,1.4,.800,1.2,6.8,8.0,1.5,1.6,2.2,1.4,3.3,11.6,2020
Anthony Davis,PF,26,LAL,62,62,34.4,8.9,17.7,.503,1.2,3.5,.330,7.7,14.2,.546,.536,7.2,8.5,.846,2.3,7.0,9.3,3.2,1.5,2.3,2.5,2.5,26.1,2020
Ed Davis,C,30,UTA,28,1,10.8,0.8,1.6,.478,0.0,0.0,,0.8,1.6,.478,.478,0.3,0.5,.500,1.3,2.5,3.8,0.4,0.4,0.3,0.5,2.2,1.8,2020
Dewayne Dedmon,C,30,TOT,44,18,17.6,2.3,5.8,.400,0.5,2.4,.206,1.8,3.4,.541,.443,0.7,0.8,.833,1.4,4.3,5.7,0.5,0.6,0.9,1.3,3.0,5.8,2020
Dewayne Dedmon,C,30,SAC,34,10,15.9,2.0,5.0,.404,0.4,2.1,.197,1.6,2.9,.550,.444,0.7,0.8,.821,1.4,3.6,4.9,0.4,0.4,0.8,1.4,2.7,5.1,2020
Dewayne Dedmon,C,30,ATL,10,8,23.3,3.3,8.4,.393,0.8,3.6,.222,2.5,4.8,.521,.440,0.7,0.8,.875,1.4,6.8,8.2,0.7,1.0,1.5,1.0,4.0,8.1,2020
Cheick Diallo,C,23,PHO,47,2,10.2,2.0,3.0,.648,0.0,0.1,.333,1.9,3.0,.655,.651,0.7,0.8,.872,0.6,2.1,2.8,0.5,0.2,0.3,0.7,1.2,4.7,2020
Gorgui Dieng,C,30,TOT,63,17,17.4,2.6,5.8,.456,0.9,2.4,.355,1.8,3.4,.528,.530,1.2,1.6,.772,1.4,4.2,5.6,1.2,0.8,0.9,1.0,2.0,7.4,2020
Gorgui Dieng,C,30,MIN,46,17,16.9,2.7,6.0,.448,1.0,2.6,.383,1.7,3.4,.497,.531,1.0,1.3,.797,1.6,4.0,5.6,1.3,0.8,0.9,1.0,1.9,7.4,2020
Gorgui Dieng,C,30,MEM,17,0,18.7,2.5,5.1,.483,0.5,1.9,.250,2.0,3.2,.618,.529,1.8,2.5,.738,1.1,4.7,5.8,0.9,0.8,1.0,0.9,2.1,7.2,2020
Andre Drummond,C,26,TOT,57,56,33.0,7.3,13.8,.533,0.1,0.6,.143,7.2,13.1,.551,.536,3.0,5.2,.575,4.4,10.8,15.2,2.7,1.9,1.6,3.6,3.5,17.7,2020
Andre Drummond,C,26,DET,49,48,33.8,7.3,13.9,.530,0.0,0.4,.048,7.3,13.4,.546,.531,3.0,5.2,.584,4.6,11.2,15.8,2.8,2.0,1.7,3.6,3.6,17.8,2020
Andre Drummond,C,26,CLE,8,8,28.1,7.3,13.1,.552,0.5,1.8,.286,6.8,11.4,.593,.571,2.5,4.9,.513,3.0,8.1,11.1,1.8,1.5,1.4,3.6,3.1,17.5,2020
Henry Ellenson,PF,23,BRK,5,0,3.0,0.2,1.4,.143,0.0,0.8,.000,0.2,0.6,.333,.143,0.0,0.0,,0.4,0.8,1.2,0.2,0.0,0.0,0.0,0.2,0.4,2020
Joel Embiid,C,25,PHI,51,51,29.5,7.5,15.7,.477,1.1,3.4,.331,6.4,12.3,.517,.512,6.9,8.5,.807,2.8,8.9,11.6,3.0,0.9,1.3,3.1,3.4,23.0,2020
Drew Eubanks,PF,22,SAS,22,3,12.4,2.0,3.0,.642,0.0,0.0,1.000,1.9,3.0,.636,.649,0.9,1.2,.769,1.3,2.6,3.9,0.7,0.2,0.8,1.0,1.7,4.9,2020
Tacko Fall,C,24,BOS,7,0,4.7,1.6,2.0,.786,0.0,0.0,,1.6,2.0,.786,.786,0.1,0.4,.333,0.1,2.0,2.1,0.1,0.1,0.6,0.4,1.0,3.3,2020
Derrick Favors,C,28,NOP,51,49,24.4,4.1,6.6,.617,0.0,0.1,.143,4.1,6.5,.627,.618,0.8,1.4,.563,3.2,6.6,9.8,1.6,0.6,0.9,1.1,2.1,9.0,2020
Cristiano Felício,PF,27,CHI,22,0,17.5,1.5,2.5,.630,0.0,0.1,.000,1.5,2.4,.654,.630,0.8,1.0,.783,2.5,2.1,4.6,0.7,0.5,0.1,0.8,1.5,3.9,2020
Bruno Fernando,C,21,ATL,56,13,12.7,1.8,3.6,.518,0.1,0.7,.135,1.8,2.9,.605,.530,0.5,0.9,.569,1.2,2.3,3.5,0.9,0.3,0.3,0.8,1.9,4.3,2020
Dorian Finney-Smith,PF,26,DAL,71,68,29.9,3.4,7.4,.466,1.6,4.3,.376,1.8,3.1,.589,.575,1.1,1.5,.722,2.0,3.7,5.7,1.6,0.6,0.5,1.0,2.5,9.5,2020
Wenyen Gabriel,PF,22,TOT,30,1,7.8,0.7,1.6,.438,0.2,0.7,.300,0.5,0.9,.536,.500,0.5,0.7,.682,0.7,1.0,1.7,0.3,0.4,0.2,0.5,1.3,2.1,2020
Wenyen Gabriel,PF,22,SAC,11,0,5.5,0.5,1.5,.353,0.1,0.7,.125,0.5,0.8,.556,.382,0.5,0.9,.600,0.4,0.5,0.9,0.3,0.3,0.2,0.5,0.6,1.7,2020
Wenyen Gabriel,PF,22,POR,19,1,9.2,0.8,1.6,.484,0.3,0.6,.417,0.5,1.0,.526,.565,0.5,0.6,.750,0.9,1.3,2.2,0.3,0.4,0.3,0.6,1.7,2.3,2020
Daniel Gafford,C,21,CHI,43,7,14.2,2.2,3.1,.701,0.0,0.0,,2.2,3.1,.701,.701,0.7,1.4,.533,1.2,1.3,2.5,0.5,0.3,1.3,0.7,2.3,5.1,2020
Danilo Gallinari,PF,31,OKC,62,62,29.6,5.8,13.2,.438,2.9,7.1,.405,2.9,6.1,.476,.547,4.3,4.8,.893,0.5,4.6,5.2,1.9,0.7,0.1,1.2,1.2,18.7,2020
Marc Gasol,C,35,TOR,44,43,26.4,2.7,6.3,.427,1.3,3.4,.385,1.4,3.0,.473,.529,0.8,1.1,.735,0.7,5.5,6.3,3.3,0.8,0.9,1.3,2.8,7.5,2020
Rudy Gay,PF,33,SAS,67,5,21.8,4.0,8.9,.446,1.1,3.3,.336,2.9,5.6,.511,.508,1.8,2.0,.882,0.9,4.5,5.4,1.7,0.5,0.5,1.3,1.5,10.8,2020
Taj Gibson,C,34,NYK,62,56,16.5,2.7,4.6,.584,0.1,0.2,.286,2.6,4.4,.599,.591,0.7,0.9,.732,1.8,2.5,4.3,0.8,0.4,0.5,0.8,2.0,6.1,2020
Harry Giles,PF,21,SAC,46,17,14.5,3.0,5.5,.554,0.0,0.0,.000,3.0,5.4,.558,.554,0.8,1.1,.776,0.9,3.2,4.1,1.3,0.5,0.4,1.0,2.6,6.9,2020
Rudy Gobert,C,27,UTA,68,68,34.3,5.7,8.2,.693,0.0,0.0,,5.7,8.2,.693,.693,3.7,5.9,.630,3.4,10.1,13.5,1.5,0.8,2.0,1.9,3.2,15.1,2020
Aaron Gordon,PF,24,ORL,62,62,32.5,5.4,12.4,.437,1.2,3.8,.308,4.2,8.5,.494,.484,2.4,3.6,.674,1.7,5.9,7.7,3.7,0.8,0.6,1.6,2.0,14.4,2020
Jerami Grant,PF,25,DEN,71,24,26.6,4.3,8.9,.478,1.4,3.5,.389,2.9,5.4,.537,.555,2.1,2.8,.750,0.8,2.7,3.5,1.2,0.7,0.8,0.9,2.2,12.0,2020
Draymond Green,PF,29,GSW,43,43,28.4,2.9,7.3,.389,0.8,3.0,.279,2.0,4.3,.465,.446,1.5,1.9,.759,0.5,5.7,6.2,6.2,1.4,0.8,2.3,2.6,8.0,2020
JaMychal Green,PF,29,LAC,63,1,20.7,2.4,5.6,.429,1.5,3.8,.387,0.9,1.8,.518,.560,0.6,0.8,.750,1.2,4.9,6.2,0.8,0.5,0.4,0.9,2.8,6.8,2020
Jeff Green,PF-C,33,TOT,48,4,20.0,3.3,7.2,.462,1.3,3.8,.339,2.0,3.4,.602,.552,1.5,1.9,.802,0.5,2.3,2.8,1.0,0.5,0.4,0.9,1.9,9.4,2020
Jeff Green,PF,33,UTA,30,2,18.4,2.5,6.5,.385,1.1,3.5,.327,1.4,3.0,.451,.472,1.6,2.1,.778,0.5,2.2,2.7,0.7,0.4,0.3,0.9,1.5,7.8,2020
Jeff Green,C,33,HOU,18,2,22.6,4.7,8.3,.564,1.6,4.4,.354,3.1,3.9,.800,.658,1.3,1.6,.857,0.6,2.3,2.9,1.7,0.8,0.5,0.8,2.4,12.2,2020
Blake Griffin,PF,30,DET,18,18,28.4,4.9,13.9,.352,1.5,6.2,.243,3.4,7.7,.439,.406,4.2,5.4,.776,0.9,3.7,4.7,3.3,0.4,0.4,2.2,1.5,15.5,2020
Rui Hachimura,PF,21,WAS,48,48,30.1,5.3,11.4,.466,0.5,1.8,.287,4.8,9.5,.500,.489,2.4,2.9,.829,1.6,4.5,6.1,1.8,0.8,0.2,1.1,2.2,13.5,2020
Donta Hall,PF,22,TOT,9,0,14.8,1.7,2.4,.682,0.0,0.0,,1.7,2.4,.682,.682,1.0,2.0,.500,1.6,2.7,4.2,0.4,0.3,0.7,0.6,2.6,4.3,2020
Donta Hall,PF,22,DET,4,0,12.0,0.3,1.0,.250,0.0,0.0,,0.3,1.0,.250,.250,1.0,1.5,.667,1.5,2.3,3.8,0.5,0.3,0.3,0.5,2.3,1.5,2020
Donta Hall,PF,22,BRK,5,0,17.0,2.8,3.6,.778,0.0,0.0,,2.8,3.6,.778,.778,1.0,2.4,.417,1.6,3.0,4.6,0.4,0.4,1.0,0.6,2.8,6.6,2020
Montrezl Harrell,C,26,LAC,63,2,27.8,7.5,12.9,.580,0.0,0.3,.000,7.5,12.6,.593,.580,3.7,5.6,.658,2.6,4.5,7.1,1.7,0.6,1.1,1.7,2.3,18.6,2020
Tobias Harris,PF,27,PHI,72,72,34.3,7.7,16.3,.471,1.8,5.0,.367,5.9,11.3,.517,.527,2.4,3.0,.806,1.0,5.9,6.9,3.2,0.7,0.6,1.4,2.3,19.6,2020
Isaiah Hartenstein,C,21,HOU,23,2,11.6,1.9,2.9,.657,0.0,0.2,.000,1.9,2.7,.710,.657,0.8,1.2,.679,1.3,2.7,3.9,0.8,0.4,0.5,0.7,1.8,4.7,2020
Udonis Haslem,PF,39,MIA,4,1,11.0,1.0,2.8,.364,0.3,0.8,.333,0.8,2.0,.375,.409,0.8,1.0,.750,0.3,3.8,4.0,0.3,0.0,0.0,0.3,1.5,3.0,2020
Jaxson Hayes,C,19,NOP,64,14,16.9,2.7,4.0,.672,0.0,0.1,.250,2.7,4.0,.678,.674,1.9,3.0,.647,1.5,2.5,4.0,0.9,0.4,0.9,0.8,2.5,7.4,2020
John Henson,PF,29,TOT,40,8,15.0,2.4,4.3,.556,0.2,0.9,.222,2.2,3.4,.644,.579,0.6,1.2,.500,1.2,2.9,4.1,1.4,0.6,1.1,0.9,2.0,5.5,2020
John Henson,PF,29,CLE,29,2,14.2,2.1,4.1,.508,0.2,1.1,.194,1.9,3.1,.618,.533,0.6,1.1,.515,1.1,2.8,3.9,1.5,0.6,1.1,0.7,1.9,5.0,2020
John Henson,PF,29,DET,11,6,17.1,3.1,4.6,.667,0.2,0.5,.400,2.9,4.2,.696,.686,0.5,1.2,.462,1.3,3.1,4.4,1.0,0.7,0.9,1.4,2.1,6.9,2020
Dewan Hernandez,C,23,TOR,6,0,4.7,0.8,2.3,.357,0.2,0.3,.500,0.7,2.0,.333,.393,0.5,0.8,.600,0.8,1.5,2.3,0.5,0.2,0.0,0.5,1.0,2.3,2020
Juan Hernangómez,PF,24,TOT,48,14,17.4,2.1,5.1,.405,0.9,2.7,.341,1.2,2.5,.475,.494,0.9,1.5,.620,0.9,3.2,4.1,0.8,0.4,0.2,0.7,1.3,6.0,2020
Juan Hernangómez,PF,24,DEN,34,0,12.4,1.1,3.2,.345,0.4,1.8,.250,0.7,1.5,.460,.414,0.5,0.7,.640,0.7,2.1,2.8,0.6,0.1,0.1,0.5,0.9,3.1,2020
Juan Hernangómez,PF,24,MIN,14,14,29.4,4.4,9.8,.453,2.1,4.9,.420,2.4,4.9,.485,.558,2.0,3.3,.609,1.4,5.9,7.3,1.3,1.0,0.3,1.0,2.5,12.9,2020
Willy Hernangómez,C,25,CHO,31,0,12.1,2.4,4.5,.532,0.2,0.7,.227,2.2,3.8,.590,.550,1.2,1.9,.627,1.4,2.9,4.3,0.9,0.3,0.2,1.0,1.0,6.1,2020
Kevin Hervey,PF,23,OKC,10,0,5.2,0.7,2.7,.259,0.3,2.0,.150,0.4,0.7,.571,.315,0.0,0.0,,0.1,1.1,1.2,0.5,0.1,0.1,0.0,0.4,1.7,2020
Mario Hezonja,PF,24,POR,53,4,16.4,1.7,4.1,.422,0.5,1.5,.308,1.3,2.6,.486,.477,0.9,1.1,.814,0.6,2.9,3.5,0.9,0.7,0.2,0.8,2.0,4.8,2020
Richaun Holmes,C,26,SAC,44,38,28.2,5.1,7.8,.648,0.0,0.0,,5.1,7.8,.648,.648,2.1,2.7,.788,2.9,5.3,8.1,1.0,0.9,1.3,1.2,3.8,12.3,2020
Al Horford,C,33,PHI,67,61,30.2,4.8,10.6,.450,1.5,4.2,.350,3.3,6.4,.516,.520,0.9,1.2,.763,1.5,5.3,6.8,4.0,0.8,0.9,1.2,2.1,11.9,2020
Dwight Howard,C,34,LAL,69,2,18.9,2.9,4.0,.729,0.0,0.1,.600,2.9,3.9,.732,.735,1.6,3.1,.514,2.5,4.9,7.3,0.7,0.4,1.1,1.2,3.2,7.5,2020
William Howard,PF,26,HOU,2,0,6.5,0.0,2.0,.000,0.0,2.0,.000,0.0,0.0,,.000,0.0,0.0,,0.0,1.0,1.0,0.5,0.0,0.0,0.5,0.5,0.0,2020
Serge Ibaka,C,30,TOR,55,27,27.0,6.2,12.2,.512,1.3,3.3,.385,5.0,8.9,.559,.564,1.6,2.3,.718,2.1,6.1,8.2,1.4,0.5,0.8,2.0,2.8,15.4,2020
Ersan İlyasova,PF,32,MIL,63,8,15.7,2.3,5.0,.466,0.8,2.2,.365,1.5,2.8,.545,.546,1.1,1.4,.828,1.0,3.8,4.8,0.8,0.4,0.3,0.5,1.5,6.6,2020
Brandon Ingram,PF,22,NOP,62,62,33.9,8.2,17.7,.463,2.4,6.2,.391,5.8,11.5,.501,.531,5.0,5.9,.851,0.8,5.3,6.1,4.2,1.0,0.6,3.0,2.9,23.8,2020
Jaren Jackson Jr.,C,20,MEM,57,57,28.5,6.2,13.2,.469,2.5,6.5,.394,3.6,6.8,.540,.565,2.4,3.3,.747,1.0,3.6,4.6,1.4,0.7,1.6,1.7,4.1,17.4,2020
Justin Jackson,PF,24,DAL,65,3,16.1,2.1,5.2,.396,0.7,2.5,.294,1.3,2.7,.489,.466,0.6,0.8,.840,0.4,2.0,2.4,0.8,0.2,0.2,0.2,1.1,5.5,2020
Amile Jefferson,PF,26,ORL,18,0,4.1,0.3,0.8,.357,0.0,0.0,,0.3,0.8,.357,.357,0.3,0.8,.357,0.6,0.7,1.3,0.2,0.1,0.2,0.2,0.4,0.8,2020
Cameron Johnson,PF,23,PHO,57,9,22.0,3.1,7.1,.435,1.9,4.8,.390,1.2,2.3,.526,.565,0.8,1.0,.807,0.9,2.4,3.3,1.2,0.6,0.4,0.6,1.5,8.8,2020
James Johnson,PF,32,TOT,32,1,19.3,3.2,6.7,.479,1.0,2.8,.363,2.2,3.9,.565,.556,1.0,1.5,.646,0.8,2.9,3.7,2.3,0.8,1.0,1.5,2.5,8.4,2020
James Johnson,PF,32,MIA,18,0,15.6,2.2,4.8,.448,0.9,2.5,.356,1.3,2.3,.548,.540,0.4,0.8,.571,0.4,2.4,2.9,1.2,0.3,0.7,0.8,1.9,5.7,2020
James Johnson,PF,32,MIN,14,1,24.1,4.6,9.1,.500,1.2,3.3,.370,3.4,5.9,.573,.566,1.6,2.4,.676,1.2,3.5,4.7,3.8,1.4,1.4,2.4,3.3,12.0,2020
Stanley Johnson,PF,23,TOR,25,0,6.0,0.9,2.4,.373,0.3,1.0,.292,0.6,1.4,.429,.432,0.4,0.6,.563,0.3,1.2,1.5,0.8,0.2,0.2,0.6,0.6,2.4,2020
Nikola Jokić,C,24,DEN,73,73,32.0,7.7,14.7,.528,1.1,3.5,.314,6.6,11.2,.594,.565,3.4,4.1,.817,2.3,7.5,9.7,7.0,1.2,0.6,3.1,3.0,19.9,2020
Damian Jones,C,24,ATL,55,27,16.1,2.2,3.2,.680,0.0,0.2,.222,2.2,3.1,.704,.685,1.1,1.5,.738,1.3,2.4,3.7,0.6,0.5,0.7,0.5,2.7,5.6,2020
DeAndre Jordan,C,31,BRK,56,6,22.0,3.4,5.1,.666,0.0,0.0,,3.4,5.1,.666,.666,1.5,2.2,.680,2.5,7.5,10.0,1.9,0.3,0.9,1.3,2.0,8.3,2020
Mfiondu Kabengele,C,22,LAC,12,0,5.3,1.2,2.7,.438,0.8,1.7,.450,0.4,1.0,.417,.578,0.4,0.4,1.000,0.1,0.8,0.9,0.2,0.2,0.2,0.2,0.8,3.5,2020
Frank Kaminsky,C,26,PHO,39,13,19.9,3.5,7.9,.450,1.1,3.2,.331,2.5,4.7,.530,.516,1.6,2.3,.678,0.9,3.6,4.5,1.9,0.4,0.3,0.9,1.9,9.7,2020
Enes Kanter,C,27,BOS,58,7,16.9,3.4,6.0,.572,0.0,0.1,.143,3.4,5.9,.581,.573,1.2,1.7,.707,2.8,4.6,7.4,1.0,0.4,0.7,1.0,1.7,8.1,2020
Michael Kidd-Gilchrist,PF,26,CHO,12,0,13.3,1.5,4.4,.340,0.4,1.4,.294,1.1,3.0,.361,.387,0.6,0.8,.778,0.8,2.2,2.9,0.8,0.0,0.3,0.6,1.5,4.0,2020
Maxi Kleber,C,28,DAL,74,21,25.5,3.2,6.9,.461,1.6,4.3,.373,1.6,2.6,.605,.577,1.1,1.3,.849,1.5,3.7,5.2,1.2,0.3,1.1,0.8,2.4,9.1,2020
Luke Kornet,C,24,CHI,36,14,15.5,2.3,5.2,.439,0.9,3.0,.287,1.4,2.2,.646,.521,0.6,0.8,.714,0.6,1.7,2.3,0.9,0.3,0.7,0.4,1.5,6.0,2020
Rodions Kurucs,PF,21,BRK,47,9,14.6,1.7,3.8,.446,0.7,1.9,.367,1.0,1.9,.529,.540,0.5,0.8,.632,0.5,2.4,2.9,1.1,0.5,0.1,1.0,1.9,4.6,2020
Kyle Kuzma,PF,24,LAL,61,9,25.0,4.8,11.0,.436,1.4,4.5,.316,3.4,6.5,.518,.500,1.9,2.5,.735,0.9,3.6,4.5,1.3,0.5,0.4,1.5,2.1,12.8,2020
Skal Labissière,C,23,POR,33,1,17.2,2.5,4.5,.551,0.1,0.4,.231,2.4,4.1,.582,.561,0.8,1.0,.758,2.0,3.2,5.1,1.3,0.2,0.9,0.9,2.7,5.8,2020
Jake Layman,PF,25,MIN,23,2,22.0,3.5,7.8,.453,1.0,3.1,.333,2.5,4.7,.533,.520,1.0,1.4,.750,0.7,1.7,2.5,0.7,0.7,0.4,1.0,2.0,9.1,2020
T.J. Leaf,PF,22,IND,28,1,7.9,1.3,3.1,.419,0.2,0.6,.278,1.1,2.4,.456,.448,0.3,0.6,.438,0.8,1.7,2.5,0.3,0.4,0.1,0.3,0.8,3.0,2020
Alex Len,C,26,TOT,55,12,17.6,3.2,5.8,.555,0.3,1.1,.271,2.9,4.7,.619,.580,1.2,1.9,.648,1.8,4.0,5.8,0.9,0.4,0.9,1.0,2.3,8.0,2020
Alex Len,C,26,ATL,40,9,18.6,3.6,6.5,.546,0.4,1.4,.250,3.2,5.1,.627,.573,1.3,2.0,.630,1.7,4.0,5.8,1.1,0.5,0.8,1.0,2.3,8.7,2020
Alex Len,C,26,SAC,15,3,15.0,2.3,3.9,.593,0.1,0.2,.667,2.2,3.7,.589,.610,1.1,1.6,.708,2.1,4.0,6.1,0.5,0.2,1.0,1.1,2.3,5.9,2020
Meyers Leonard,C,27,MIA,51,49,20.3,2.3,4.6,.509,1.0,2.5,.414,1.3,2.1,.623,.622,0.4,0.5,.643,0.6,4.5,5.1,1.1,0.3,0.3,0.8,2.1,6.1,2020
Nassir Little,PF,19,POR,48,5,11.9,1.4,3.1,.430,0.3,1.2,.237,1.1,1.9,.554,.477,0.6,0.9,.636,0.6,1.6,2.3,0.5,0.3,0.3,0.3,1.5,3.6,2020
Kevon Looney,C,23,GSW,20,4,13.1,1.5,4.0,.367,0.1,0.7,.071,1.4,3.3,.431,.373,0.5,0.6,.750,1.4,1.9,3.3,1.0,0.6,0.3,0.6,1.7,3.4,2020
Brook Lopez,C,31,MIL,68,67,26.7,4.3,9.9,.435,1.5,4.8,.314,2.8,5.1,.549,.511,1.9,2.2,.836,0.9,3.7,4.6,1.5,0.7,2.4,1.0,2.4,12.0,2020
Robin Lopez,C,31,MIL,66,5,14.5,2.2,4.5,.492,0.5,1.6,.333,1.7,2.9,.577,.550,0.4,0.8,.528,0.8,1.6,2.4,0.7,0.2,0.7,1.0,1.5,5.4,2020
Kevin Love,PF,31,CLE,56,56,31.8,5.8,13.0,.450,2.6,7.0,.374,3.2,6.0,.537,.550,3.3,3.9,.854,1.0,8.8,9.8,3.2,0.6,0.3,2.5,1.6,17.6,2020
Trey Lyles,PF,24,SAS,63,53,20.2,2.4,5.4,.446,1.0,2.7,.387,1.4,2.8,.503,.541,0.5,0.7,.733,1.1,4.6,5.7,1.1,0.4,0.4,0.6,1.6,6.4,2020
Ian Mahinmi,C,33,WAS,38,35,21.3,2.7,5.5,.495,0.1,0.7,.192,2.6,4.8,.538,.507,1.8,3.0,.619,2.1,3.7,5.7,1.3,0.8,1.2,1.2,3.0,7.4,2020
Thon Maker,C,22,DET,60,14,12.9,1.6,3.2,.482,0.4,1.1,.344,1.2,2.2,.550,.539,1.2,1.8,.664,0.9,1.9,2.8,0.7,0.4,0.7,0.8,1.7,4.7,2020
Boban Marjanović,C,31,DAL,44,5,9.6,2.8,4.8,.573,0.1,0.4,.235,2.7,4.4,.603,.583,1.0,1.3,.754,1.5,3.0,4.5,0.5,0.2,0.2,0.7,1.3,6.6,2020
Lauri Markkanen,PF,22,CHI,50,50,29.8,5.0,11.8,.425,2.2,6.3,.344,2.8,5.5,.518,.517,2.5,3.1,.824,1.2,5.1,6.3,1.5,0.8,0.5,1.6,1.9,14.7,2020
Luc Mbah a Moute,PF,33,HOU,3,0,8.3,0.7,1.7,.400,0.0,0.7,.000,0.7,1.0,.667,.400,0.3,0.7,.500,0.3,0.3,0.7,0.0,0.7,0.0,0.3,0.0,1.7,2020
Jalen McDaniels,PF,22,CHO,16,0,18.3,2.1,4.4,.471,0.6,1.5,.375,1.5,2.9,.522,.536,0.9,1.1,.824,0.9,3.1,4.1,0.8,0.5,0.2,0.7,2.3,5.6,2020
Doug McDermott,PF,28,IND,69,0,19.9,3.9,7.9,.488,1.9,4.3,.435,2.0,3.7,.549,.605,0.7,0.8,.828,0.4,2.1,2.5,1.1,0.2,0.1,0.6,1.7,10.3,2020
JaVale McGee,C,32,LAL,68,68,16.6,2.9,4.5,.637,0.0,0.1,.500,2.8,4.4,.640,.642,0.8,1.2,.646,1.8,3.9,5.7,0.5,0.5,1.4,0.8,2.3,6.6,2020
Nicolò Melli,C,29,NOP,60,8,17.4,2.3,5.4,.421,1.2,3.4,.335,1.1,2.0,.573,.528,0.9,1.2,.740,0.6,2.4,3.0,1.4,0.6,0.4,0.8,2.1,6.6,2020
Chimezie Metu,PF,22,SAS,18,0,5.8,1.3,2.3,.571,0.0,0.1,.000,1.3,2.2,.600,.571,0.6,0.7,.769,0.7,1.2,1.8,0.6,0.2,0.3,0.6,0.4,3.2,2020
Eric Mika,PF,25,SAC,1,0,19.0,2.0,3.0,.667,0.0,0.0,,2.0,3.0,.667,.667,2.0,2.0,1.000,2.0,5.0,7.0,0.0,0.0,0.0,0.0,5.0,6.0,2020
Paul Millsap,PF,34,DEN,51,48,24.3,4.1,8.6,.482,1.1,2.4,.435,3.1,6.2,.500,.543,2.3,2.8,.816,1.9,3.8,5.7,1.6,0.9,0.6,1.4,2.9,11.6,2020
Juwan Morgan,PF,22,UTA,21,0,6.4,0.7,1.2,.577,0.1,0.4,.375,0.6,0.9,.667,.635,0.1,0.2,.750,0.5,0.9,1.4,0.3,0.0,0.1,0.3,0.9,1.7,2020
Marcus Morris,PF,30,LAC,19,19,28.9,3.9,9.2,.425,1.4,4.4,.310,2.5,4.7,.533,.500,0.9,1.2,.818,0.6,3.5,4.1,1.4,0.7,0.7,1.3,2.7,10.1,2020
Markieff Morris,PF,30,TOT,58,17,20.5,3.5,7.9,.443,1.5,3.9,.386,2.0,4.0,.500,.539,1.1,1.5,.776,0.7,3.1,3.8,1.3,0.5,0.3,1.3,2.3,9.7,2020
Markieff Morris,PF,30,DET,44,16,22.5,4.0,8.8,.450,1.7,4.3,.397,2.3,4.5,.500,.546,1.4,1.8,.772,0.5,3.4,3.9,1.6,0.6,0.3,1.6,2.4,11.0,2020
Markieff Morris,PF,30,LAL,14,1,14.2,2.0,4.9,.406,0.9,2.8,.333,1.1,2.1,.500,.500,0.4,0.4,.833,1.1,2.1,3.2,0.6,0.4,0.4,0.4,2.1,5.3,2020
Johnathan Motley,PF,24,LAC,13,0,3.2,0.8,1.2,.733,0.1,0.1,1.000,0.8,1.1,.714,.767,0.4,0.5,.714,0.2,0.5,0.8,0.6,0.2,0.0,0.4,0.5,2.2,2020
Mike Muscala,C,28,OKC,47,2,12.2,1.6,4.0,.407,1.1,3.0,.378,0.5,1.0,.500,.550,0.4,0.5,.818,0.3,2.0,2.3,0.9,0.2,0.3,0.4,1.2,4.8,2020
Larry Nance Jr.,C,27,CLE,56,10,26.3,4.1,7.7,.531,1.0,2.8,.352,3.1,4.9,.636,.596,0.9,1.3,.676,1.9,5.4,7.3,2.2,1.0,0.4,1.1,1.6,10.1,2020
Georges Niang,PF,26,UTA,66,1,14.0,2.1,4.9,.438,1.4,3.4,.400,0.8,1.5,.526,.578,0.3,0.4,.833,0.2,1.7,1.9,0.7,0.3,0.1,0.5,1.1,5.9,2020
Joakim Noah,C,34,LAC,5,0,10.0,0.8,1.6,.500,0.0,0.0,,0.8,1.6,.500,.500,1.2,1.6,.750,1.0,2.2,3.2,1.4,0.2,0.2,1.2,1.8,2.8,2020
Nerlens Noel,C,25,OKC,61,7,18.5,3.0,4.4,.684,0.0,0.0,.333,3.0,4.4,.688,.686,1.3,1.7,.755,1.5,3.4,4.9,0.9,1.0,1.5,1.1,2.7,7.4,2020
Jusuf Nurkić,C,25,POR,8,8,31.6,6.8,13.6,.495,0.3,1.3,.200,6.5,12.4,.525,.505,3.9,4.4,.886,2.9,7.4,10.3,4.0,1.4,2.0,2.4,4.9,17.6,2020
Royce O'Neale,PF,26,UTA,71,62,28.9,2.2,5.1,.433,1.3,3.4,.377,0.9,1.7,.545,.559,0.6,0.8,.764,0.4,5.1,5.5,2.5,0.8,0.5,0.9,2.8,6.3,2020
Kyle O'Quinn,C,29,PHI,29,2,10.8,1.4,2.9,.494,0.2,0.9,.259,1.2,2.0,.603,.535,0.4,0.7,.550,1.2,2.8,4.0,1.8,0.2,0.8,0.7,1.3,3.5,2020
Semi Ojeleye,PF,25,BOS,69,6,14.7,1.2,2.8,.408,0.7,1.8,.378,0.5,1.0,.464,.531,0.4,0.5,.875,0.4,1.7,2.1,0.5,0.3,0.1,0.3,1.2,3.4,2020
Jahlil Okafor,C,24,NOP,30,9,15.6,3.4,5.4,.623,0.0,0.1,.333,3.3,5.3,.629,.627,1.3,2.1,.645,1.6,2.6,4.2,1.2,0.2,0.7,1.3,2.2,8.1,2020
Kelly Olynyk,C,28,MIA,67,9,19.4,2.7,5.9,.462,1.4,3.5,.406,1.3,2.4,.543,.582,1.3,1.5,.860,0.7,3.9,4.6,1.7,0.7,0.3,1.1,2.6,8.2,2020
Tariq Owens,PF,24,PHO,3,0,5.0,0.3,1.7,.200,0.0,0.7,.000,0.3,1.0,.333,.200,0.7,0.7,1.000,0.7,0.3,1.0,0.0,0.3,0.0,0.0,0.3,1.3,2020
Jabari Parker,PF,24,TOT,38,23,24.1,5.8,11.3,.510,0.8,3.1,.269,4.9,8.2,.603,.548,1.6,2.1,.753,1.6,4.0,5.6,1.8,1.2,0.4,1.7,2.6,14.0,2020
Jabari Parker,PF,24,ATL,32,23,26.2,6.2,12.3,.504,1.0,3.6,.270,5.2,8.7,.601,.543,1.7,2.3,.736,1.7,4.3,6.0,1.8,1.3,0.5,1.9,2.9,15.0,2020
Jabari Parker,PF,24,SAC,6,0,13.3,3.5,6.0,.583,0.2,0.7,.250,3.3,5.3,.625,.597,1.3,1.5,.889,1.2,2.7,3.8,1.7,0.5,0.2,0.7,1.0,8.5,2020
Eric Paschall,PF,23,GSW,60,26,27.6,5.3,10.7,.497,0.6,2.2,.287,4.7,8.5,.550,.526,2.7,3.5,.774,1.4,3.2,4.6,2.1,0.5,0.2,1.6,2.1,14.0,2020
Anžejs Pasečņiks,C,24,WAS,27,0,16.2,2.3,4.3,.526,0.0,0.1,.000,2.3,4.2,.540,.526,1.3,2.1,.586,1.6,2.4,4.0,0.7,0.3,0.4,0.9,2.8,5.8,2020
Patrick Patterson,PF,30,LAC,59,18,13.2,1.6,3.9,.408,1.1,2.9,.390,0.5,1.0,.459,.552,0.6,0.7,.814,0.6,2.0,2.6,0.7,0.1,0.1,0.4,0.9,4.9,2020
Justin Patton,C,22,OKC,5,0,4.8,0.8,2.0,.400,0.2,0.8,.250,0.6,1.2,.500,.450,0.0,0.0,,0.2,0.8,1.0,0.4,0.0,0.0,0.4,0.8,1.8,2020
Norvel Pelle,C,26,PHI,24,0,9.7,1.0,2.0,.521,0.0,0.0,.000,1.0,2.0,.532,.521,0.3,0.6,.500,0.8,2.2,3.0,0.3,0.1,1.3,0.8,2.3,2.4,2020
Mason Plumlee,C,29,DEN,61,1,17.3,2.9,4.7,.615,0.0,0.1,.000,2.9,4.6,.625,.615,1.4,2.5,.535,1.6,3.6,5.2,2.5,0.5,0.6,1.3,2.3,7.2,2020
Jakob Poeltl,C,24,SAS,66,18,17.7,2.5,4.0,.624,0.0,0.0,,2.5,4.0,.624,.624,0.6,1.3,.465,2.0,3.7,5.7,1.8,0.6,1.4,0.8,1.9,5.6,2020
Vincent Poirier,C,26,BOS,22,0,5.9,0.8,1.6,.472,0.0,0.1,.500,0.7,1.5,.471,.486,0.3,0.3,.857,0.6,1.4,2.0,0.4,0.1,0.4,0.4,1.1,1.9,2020
Michael Porter Jr.,PF,21,DEN,55,8,16.4,3.5,7.0,.509,1.1,2.7,.422,2.4,4.3,.564,.590,1.1,1.3,.833,1.2,3.5,4.7,0.8,0.5,0.5,0.9,1.8,9.3,2020
Bobby Portis,C,24,NYK,66,5,21.1,4.0,8.9,.450,1.0,2.8,.358,3.0,6.1,.493,.507,1.1,1.4,.763,1.2,3.9,5.1,1.5,0.5,0.3,1.1,1.7,10.1,2020
Kristaps Porziņģis,PF,24,DAL,57,57,31.8,7.0,16.4,.427,2.5,7.1,.352,4.5,9.3,.484,.503,4.0,5.0,.799,1.8,7.7,9.5,1.8,0.7,2.0,1.6,3.2,20.4,2020
Dwight Powell,C,28,DAL,40,37,26.5,3.7,5.7,.638,0.3,1.0,.256,3.4,4.8,.716,.659,1.9,2.8,.667,1.9,3.8,5.7,1.5,0.9,0.6,0.9,2.6,9.4,2020
Julius Randle,PF,25,NYK,64,64,32.5,7.2,15.7,.460,1.0,3.6,.277,6.2,12.1,.515,.492,4.0,5.5,.733,2.4,7.4,9.7,3.1,0.8,0.3,3.0,2.8,19.5,2020
Naz Reid,C,20,MIN,30,11,16.5,3.3,8.1,.412,1.1,3.2,.330,2.3,4.9,.466,.477,1.2,1.8,.698,1.1,3.0,4.1,1.2,0.6,0.7,0.7,2.8,9.0,2020
Mitchell Robinson,C,21,NYK,61,7,23.1,4.1,5.6,.742,0.0,0.0,,4.1,5.6,.742,.742,1.4,2.4,.568,3.0,4.0,7.0,0.6,0.9,2.0,0.6,3.2,9.7,2020
Domantas Sabonis,C,23,IND,62,62,34.8,7.4,13.7,.540,0.3,1.1,.254,7.1,12.6,.565,.550,3.5,4.8,.723,3.0,9.4,12.4,5.0,0.8,0.5,2.7,3.1,18.5,2020
Luka Šamanić,PF,20,SAS,3,1,16.0,1.7,5.3,.313,1.0,2.7,.375,0.7,2.7,.250,.406,1.0,1.3,.750,0.3,3.0,3.3,2.0,0.0,0.7,0.7,2.0,5.3,2020
Dario Šarić,PF,25,PHO,66,51,24.7,3.9,8.2,.476,1.3,3.6,.357,2.6,4.6,.568,.554,1.6,1.9,.844,1.5,4.6,6.2,1.9,0.6,0.2,1.3,2.4,10.7,2020
Mike Scott,PF,31,PHI,68,11,17.8,2.2,5.1,.426,1.2,3.2,.369,1.0,2.0,.519,.540,0.4,0.5,.811,1.0,2.7,3.6,0.8,0.3,0.1,0.4,1.4,6.0,2020
Thabo Sefolosha,PF,35,HOU,41,0,10.6,0.9,2.2,.407,0.4,1.3,.278,0.5,0.9,.595,.489,0.1,0.2,.375,0.5,1.8,2.3,0.6,0.6,0.3,0.4,1.0,2.2,2020
Pascal Siakam,PF,25,TOR,60,60,35.2,8.3,18.4,.453,2.2,6.1,.359,6.2,12.3,.499,.512,4.0,5.1,.792,1.1,6.3,7.3,3.5,1.0,0.9,2.5,2.8,22.9,2020
Chris Silva,PF,23,MIA,44,0,7.9,1.1,1.8,.615,0.0,0.1,.000,1.1,1.7,.640,.615,0.8,1.3,.673,1.4,1.5,2.9,0.5,0.2,0.5,0.7,1.9,3.0,2020
Alen Smailagić,PF,19,GSW,14,0,9.9,1.4,2.9,.500,0.2,0.9,.231,1.2,1.9,.630,.538,1.1,1.4,.842,0.7,1.2,1.9,0.9,0.2,0.3,0.8,1.0,4.2,2020
Omari Spellman,PF,22,GSW,49,3,18.1,2.6,6.0,.431,0.9,2.2,.391,1.7,3.8,.454,.503,1.5,1.9,.793,1.6,2.9,4.5,1.0,0.7,0.5,1.1,1.3,7.6,2020
Caleb Swanigan,PF,22,TOT,27,1,10.7,1.0,1.7,.596,0.0,0.1,.000,1.0,1.7,.622,.596,0.3,0.6,.529,1.0,2.7,3.7,1.1,0.1,0.3,1.4,2.3,2.4,2020
Caleb Swanigan,PF,22,SAC,7,0,3.3,0.3,0.6,.500,0.0,0.0,,0.3,0.6,.500,.500,0.1,0.3,.500,0.3,0.7,1.0,0.3,0.1,0.3,0.9,1.1,0.7,2020
Caleb Swanigan,PF,22,POR,20,1,13.3,1.3,2.2,.605,0.0,0.1,.000,1.3,2.1,.634,.605,0.4,0.8,.533,1.3,3.4,4.7,1.5,0.1,0.3,1.6,2.7,3.0,2020
Jayson Tatum,PF,21,BOS,66,66,34.3,8.4,18.6,.450,2.9,7.1,.403,5.5,11.5,.480,.527,3.8,4.7,.812,1.0,6.0,7.0,3.0,1.4,0.9,2.3,2.1,23.4,2020
Daniel Theis,C,27,BOS,65,64,24.1,3.7,6.6,.566,0.5,1.5,.333,3.2,5.1,.633,.603,1.3,1.8,.763,2.2,4.4,6.6,1.7,0.6,1.3,0.8,3.4,9.2,2020
Tristan Thompson,C,28,CLE,57,51,30.2,5.1,9.9,.512,0.2,0.4,.391,4.9,9.5,.518,.520,1.7,2.8,.615,4.0,6.2,10.1,2.1,0.6,0.9,1.8,2.2,12.0,2020
Anthony Tolliver,PF,34,TOT,55,13,15.9,1.2,3.3,.357,0.9,2.6,.338,0.3,0.7,.432,.492,0.4,0.5,.724,0.6,2.2,2.8,0.8,0.3,0.2,0.6,1.3,3.6,2020
Anthony Tolliver,PF,34,POR,33,9,16.8,1.3,3.5,.368,0.9,2.7,.337,0.4,0.8,.464,.496,0.4,0.6,.684,0.8,2.5,3.3,0.9,0.2,0.3,0.6,1.6,3.9,2020
Anthony Tolliver,PF,34,SAC,9,0,9.1,0.3,1.9,.176,0.2,1.7,.133,0.1,0.2,.500,.235,0.1,0.2,.500,0.2,1.0,1.2,0.3,0.4,0.1,0.4,0.7,1.0,2020
Anthony Tolliver,PF,34,MEM,13,4,18.2,1.5,3.7,.396,1.3,3.2,.415,0.2,0.5,.286,.573,0.5,0.6,.875,0.4,2.2,2.5,0.8,0.5,0.1,0.7,1.1,4.8,2020
Karl-Anthony Towns,C,24,MIN,35,35,33.9,9.0,17.8,.508,3.3,7.9,.412,5.8,9.9,.586,.600,5.1,6.5,.796,2.7,8.1,10.8,4.4,0.9,1.2,3.1,3.3,26.5,2020
P.J. Tucker,PF,34,HOU,72,72,34.3,2.5,5.9,.415,1.5,4.2,.358,1.0,1.8,.551,.541,0.5,0.7,.813,1.6,5.1,6.6,1.6,1.1,0.5,1.0,3.2,6.9,2020
Myles Turner,C,23,IND,62,62,29.5,4.3,9.5,.457,1.4,4.0,.344,2.9,5.4,.540,.530,2.0,2.7,.751,1.4,5.2,6.6,1.2,0.7,2.1,1.4,2.7,12.1,2020
Jonas Valančiūnas,C,27,MEM,70,70,26.4,6.2,10.6,.585,0.5,1.3,.352,5.7,9.3,.617,.606,2.1,2.9,.740,3.0,8.2,11.3,1.9,0.4,1.1,1.8,2.6,14.9,2020
Jarred Vanderbilt,PF,20,MIN,2,0,2.5,0.0,0.5,.000,0.0,0.5,.000,0.0,0.0,,.000,1.0,1.0,1.000,0.0,0.5,0.5,0.0,0.0,0.0,0.0,0.0,1.0,2020
Noah Vonleh,C-PF,24,TOT,36,1,10.5,1.4,2.6,.565,0.1,0.4,.200,1.4,2.1,.636,.582,0.7,0.9,.781,1.0,2.4,3.4,0.8,0.3,0.2,0.6,1.1,3.7,2020
Noah Vonleh,C,24,MIN,29,1,12.0,1.6,3.0,.547,0.1,0.5,.143,1.6,2.5,.625,.558,0.8,1.0,.821,1.2,2.8,4.0,0.9,0.4,0.2,0.7,1.2,4.1,2020
Noah Vonleh,PF,24,DEN,7,0,4.3,0.7,0.9,.833,0.1,0.1,1.000,0.6,0.7,.800,.917,0.3,0.6,.500,0.4,0.7,1.1,0.3,0.0,0.0,0.3,0.6,1.9,2020
Nikola Vučević,C,29,ORL,62,62,32.2,8.0,16.7,.477,1.6,4.7,.339,6.4,12.0,.531,.525,2.1,2.7,.784,2.3,8.6,10.9,3.6,0.9,0.8,1.4,2.2,19.6,2020
Dean Wade,PF,23,CLE,12,0,5.9,0.8,1.1,.692,0.2,0.3,.500,0.6,0.8,.778,.769,0.0,0.1,.000,0.3,1.3,1.6,0.2,0.2,0.3,0.3,0.7,1.7,2020
Moritz Wagner,C,22,WAS,45,5,18.6,3.2,5.9,.545,0.6,1.8,.313,2.7,4.1,.645,.592,1.7,2.1,.821,1.2,3.6,4.9,1.2,0.6,0.4,1.5,3.4,8.7,2020
P.J. Washington,PF,21,CHO,58,57,30.3,4.6,10.2,.455,1.5,4.0,.374,3.1,6.2,.507,.528,1.5,2.3,.647,1.0,4.4,5.4,2.1,0.9,0.8,1.6,2.7,12.2,2020
Hassan Whiteside,C,30,POR,67,61,30.0,6.5,10.5,.621,0.1,0.1,.571,6.4,10.4,.622,.624,2.4,3.6,.686,3.9,9.7,13.5,1.2,0.4,2.9,1.8,2.9,15.5,2020
Grant Williams,PF,21,BOS,69,5,15.1,1.3,3.1,.412,0.3,1.4,.250,0.9,1.7,.548,.469,0.6,0.8,.722,0.9,1.7,2.6,1.0,0.4,0.5,0.7,2.4,3.4,2020
Johnathan Williams,C,24,WAS,15,6,12.0,1.3,2.3,.559,0.0,0.1,.000,1.3,2.1,.594,.559,0.5,0.9,.538,1.6,2.7,4.3,0.5,0.1,0.5,0.3,1.1,3.0,2020
Kenrich Williams,PF,25,NOP,39,18,21.3,1.3,3.8,.347,0.6,2.5,.258,0.7,1.3,.520,.432,0.2,0.7,.346,1.3,3.5,4.8,1.5,0.7,0.5,0.6,2.3,3.5,2020
Marvin Williams,PF,33,TOT,58,1,19.5,2.1,4.6,.446,1.0,2.7,.359,1.1,1.9,.568,.551,0.8,1.0,.860,0.5,2.6,3.2,1.0,0.6,0.5,0.6,1.8,5.9,2020
Marvin Williams,PF,33,CHO,41,1,19.7,2.3,5.1,.448,1.1,2.9,.376,1.2,2.3,.538,.552,1.0,1.2,.860,0.4,2.3,2.7,1.0,0.6,0.5,0.6,1.7,6.7,2020
Marvin Williams,PF,33,MIL,17,0,18.9,1.5,3.4,.439,0.7,2.3,.308,0.8,1.1,.722,.544,0.4,0.4,.857,0.9,3.5,4.4,1.1,0.6,0.5,0.5,1.9,4.0,2020
Robert Williams,C,22,BOS,29,1,13.4,2.2,3.0,.727,0.0,0.0,,2.2,3.0,.727,.727,0.8,1.2,.647,1.4,3.0,4.4,0.9,0.8,1.2,0.7,1.8,5.2,2020
Zion Williamson,PF,19,NOP,24,24,27.8,8.8,15.0,.583,0.3,0.6,.429,8.5,14.4,.590,.592,4.8,7.4,.640,2.7,3.6,6.3,2.1,0.7,0.4,2.5,1.8,22.5,2020
D.J. Wilson,PF,23,MIL,37,1,9.8,1.4,3.6,.394,0.5,2.0,.247,0.9,1.6,.576,.462,0.3,0.5,.611,0.3,2.2,2.5,0.7,0.1,0.1,0.5,0.9,3.6,2020
Christian Wood,PF,24,DET,62,12,21.4,4.6,8.2,.567,0.9,2.3,.386,3.8,5.9,.636,.620,2.9,3.9,.744,1.7,4.6,6.3,1.0,0.5,0.9,1.4,1.6,13.1,2020
Thaddeus Young,PF,31,CHI,64,16,24.9,4.2,9.4,.448,1.2,3.5,.356,3.0,5.9,.501,.513,0.7,1.1,.583,1.5,3.5,4.9,1.8,1.4,0.4,1.6,2.1,10.3,2020
Cody Zeller,C,27,CHO,58,39,23.1,4.3,8.3,.524,0.3,1.3,.240,4.0,7.0,.577,.543,2.1,3.1,.682,2.8,4.3,7.1,1.5,0.7,0.4,1.3,2.4,11.1,2020
Tyler Zeller,C,30,SAS,2,0,2.0,0.5,2.0,.250,0.0,0.0,,0.5,2.0,.250,.250,0.0,0.0,,1.5,0.5,2.0,0.0,0.0,0.0,0.0,0.0,1.0,2020
Ante Žižić,C,23,CLE,22,0,10.0,1.9,3.3,.569,0.0,0.0,,1.9,3.3,.569,.569,0.6,0.9,.737,0.8,2.2,3.0,0.3,0.3,0.2,0.5,1.2,4.4,2020
Ivica Zubac,C,22,LAC,72,70,18.4,3.3,5.3,.613,0.0,0.0,.000,3.3,5.3,.616,.613,1.7,2.3,.747,2.7,4.8,7.5,1.1,0.2,0.9,0.8,2.3,8.3,2020
