Player,Pos,Age,Tm,G,GS,MP,FG,FGA,FG%,3P,3PA,3P%,2P,2PA,2P%,FT,FTA,FT%,ORB,DRB,TRB,AST,STL,BLK,TOV,PF,PTS,,ORtg,DRtg,season
Steven Adams,C,26,OKC,63,63,1680,8.2,13.8,.592,0.0,0.1,.333,8.2,13.7,.594,3.4,5.8,.582,6.0,10.9,16.9,4.2,1.5,1.9,2.7,3.5,19.8,,122,106,2020
Bam Adebayo,PF,22,MIA,72,72,2417,8.9,16.0,.557,0.0,0.3,.143,8.8,15.7,.564,5.3,7.7,.691,3.6,11.3,14.8,7.4,1.7,1.9,4.1,3.7,23.1,,116,106,2020
LaMarcus Aldridge,C,34,SAS,53,53,1754,10.7,21.6,.493,1.7,4.3,.389,9.0,17.3,.519,4.3,5.2,.827,2.8,7.9,10.7,3.5,1.0,2.4,2.0,3.5,27.3,,115,112,2020
Kyle Alexander,PF,23,MIA,2,0,13,3.8,7.5,.500,0.0,0.0,,3.8,7.5,.500,0.0,0.0,,7.5,3.8,11.3,0.0,0.0,0.0,3.8,3.8,7.5,,96,116,2020
Jarrett Allen,C,21,BRK,70,64,1852,7.7,11.9,.649,0.0,0.2,.000,7.7,11.7,.658,4.4,6.9,.633,5.5,11.6,17.1,2.8,1.0,2.4,2.0,4.1,19.8,,132,106,2020
Al-Farouq Aminu,PF,29,ORL,18,2,380,3.2,11.0,.291,1.2,4.6,.250,2.0,6.4,.320,2.4,3.7,.655,3.1,8.1,11.1,2.7,2.3,1.0,2.2,3.5,10.0,,88,108,2020
Kyle Anderson,PF,26,MEM,67,28,1330,5.5,11.6,.474,0.8,3.0,.282,4.7,8.6,.541,1.8,2.7,.667,2.0,8.0,10.0,5.7,1.9,1.3,2.3,3.9,13.7,,109,109,2020
Ryan Anderson,C,31,HOU,2,0,14,6.6,23.1,.286,3.3,16.5,.200,3.3,6.6,.500,0.0,0.0,,0.0,23.1,23.1,6.6,3.3,0.0,3.3,3.3,16.5,,78,98,2020
Giannis Antetokounmpo,PF,25,MIL,63,63,1917,16.3,29.5,.553,2.1,7.0,.304,14.2,22.5,.631,9.5,15.0,.633,3.3,17.1,20.4,8.4,1.5,1.6,5.5,4.6,44.2,,116,97,2020
Kostas Antetokounmpo,PF,22,LAL,5,0,20,7.1,7.1,1.000,0.0,0.0,,7.1,7.1,1.000,2.4,4.8,.500,4.8,2.4,7.1,4.8,0.0,0.0,2.4,4.8,16.6,,153,115,2020
Carmelo Anthony,PF,35,POR,58,58,1902,8.4,19.6,.430,2.2,5.7,.385,6.2,13.9,.448,3.4,4.0,.845,1.8,7.4,9.2,2.1,1.2,0.7,2.5,4.3,22.4,,104,115,2020
Deandre Ayton,C,21,PHO,38,32,1236,11.9,21.8,.546,0.1,0.5,.231,11.8,21.3,.553,2.6,3.4,.753,5.6,11.1,16.7,2.8,1.0,2.2,3.1,4.5,26.4,,111,108,2020
Marvin Bagley III,PF,20,SAC,13,6,334,11.3,24.3,.467,0.6,3.2,.182,10.7,21.1,.510,3.6,4.5,.806,4.2,9.9,14.1,1.5,0.9,1.7,2.6,6.2,26.9,,102,111,2020
Mo Bamba,C,21,ORL,62,0,878,7.3,15.9,.462,2.1,5.9,.346,5.3,9.9,.531,1.7,2.6,.674,5.5,11.2,16.7,2.3,1.3,4.8,2.3,6.4,18.4,,111,103,2020
Harrison Barnes,PF,27,SAC,72,72,2482,7.1,15.5,.460,2.0,5.2,.381,5.1,10.3,.501,4.2,5.2,.801,1.5,5.4,6.9,3.1,0.8,0.2,1.7,1.8,20.4,,116,116,2020
Aron Baynes,C,33,PHO,42,28,934,9.3,19.3,.480,3.0,8.5,.351,6.3,10.8,.582,2.8,3.8,.747,3.6,8.4,12.0,3.4,0.5,1.2,2.5,7.2,24.4,,113,112,2020
Darius Bazley,PF,19,OKC,61,9,1130,5.4,13.6,.394,2.1,6.1,.348,3.3,7.6,.432,1.8,2.7,.694,1.3,9.3,10.6,1.8,1.0,1.8,1.9,2.4,14.7,,96,108,2020
Jordan Bell,C-PF,25,TOT,29,0,256,6.4,12.2,.522,0.7,2.2,.333,5.6,10.0,.564,3.4,5.6,.613,5.4,9.3,14.7,2.9,0.5,1.8,3.8,3.4,16.9,,108,112,2020
Jordan Bell,C,25,MIN,27,0,235,6.3,11.9,.533,0.4,1.8,.222,5.9,10.1,.588,3.4,5.7,.586,5.5,9.9,15.4,2.8,0.4,2.0,3.6,3.4,16.4,,108,112,2020
Jordan Bell,PF,25,MEM,2,0,21,6.7,15.6,.429,4.4,6.7,.667,2.2,8.9,.250,4.4,4.4,1.000,4.4,2.2,6.7,4.4,2.2,0.0,6.7,4.4,22.2,,103,113,2020
Dāvis Bertāns,PF,27,WAS,54,4,1583,7.8,18.0,.434,5.9,13.9,.424,1.9,4.1,.471,3.1,3.6,.852,1.0,6.2,7.2,2.7,1.1,1.0,1.7,4.1,24.6,,120,116,2020
Khem Birch,C,27,ORL,48,24,922,3.9,7.6,.510,0.0,0.1,.000,3.9,7.5,.514,3.5,5.3,.653,4.8,6.8,11.6,2.6,1.1,1.2,1.6,4.8,11.2,,121,111,2020
Goga Bitadze,C,20,IND,54,2,471,7.2,15.5,.467,0.8,4.3,.190,6.4,11.1,.574,2.5,3.4,.727,2.6,8.3,10.9,2.4,1.0,3.8,2.9,6.7,17.7,,99,105,2020
Bismack Biyombo,C,27,CHO,53,29,1029,7.4,13.5,.543,0.0,0.0,,7.4,13.5,.543,4.4,7.4,.603,5.8,9.2,15.0,2.4,0.5,2.4,2.3,5.6,19.1,,116,112,2020
Nemanja Bjelica,PF,31,SAC,72,67,2011,7.6,15.8,.481,3.2,7.7,.419,4.3,8.0,.541,1.7,2.0,.821,2.7,8.4,11.0,4.9,1.5,1.0,2.4,5.2,20.0,,119,111,2020
Jonah Bolden,PF,24,TOT,7,0,47,4.1,11.2,.364,0.0,4.1,.000,4.1,7.1,.571,2.0,4.1,.500,3.0,6.1,9.1,0.0,3.0,2.0,2.0,10.1,10.1,,80,106,2020
Jonah Bolden,PF,24,PHI,4,0,14,6.9,10.4,.667,0.0,3.5,.000,6.9,6.9,1.000,0.0,6.9,.000,0.0,3.5,3.5,0.0,3.5,0.0,6.9,13.8,13.8,,57,108,2020
Jonah Bolden,PF,24,PHO,3,0,33,2.9,11.5,.250,0.0,4.3,.000,2.9,7.2,.400,2.9,2.9,1.000,4.3,7.2,11.5,0.0,2.9,2.9,0.0,8.6,8.6,,94,105,2020
Marques Bolden,C,21,CLE,1,0,3,0.0,0.0,,0.0,0.0,,0.0,0.0,,0.0,0.0,,0.0,32.4,32.4,0.0,16.2,0.0,0.0,16.2,0.0,,,69,2020
Chris Boucher,PF,27,TOR,62,0,819,8.2,17.4,.472,2.2,6.9,.322,6.0,10.5,.569,5.3,6.7,.784,6.2,9.9,16.1,1.5,1.3,3.5,1.6,6.6,23.9,,124,101,2020
Tony Bradley,C,22,UTA,58,3,663,9.2,13.9,.667,0.2,0.2,1.000,9.0,13.7,.661,2.2,3.4,.652,8.1,11.5,19.6,1.7,1.0,2.4,2.2,8.4,20.9,,135,106,2020
Jarrell Brantley,PF,23,UTA,9,0,96,5.1,14.2,.357,1.5,6.6,.231,3.5,7.6,.467,0.5,1.0,.500,1.0,9.1,10.1,5.6,1.5,2.5,3.5,3.5,12.2,,85,106,2020
Moses Brown,C,20,POR,9,0,33,5.8,14.4,.400,0.0,0.0,,5.8,14.4,.400,4.3,11.6,.375,4.3,15.9,20.2,1.4,1.4,1.4,4.3,10.1,15.9,,81,108,2020
Thomas Bryant,C,22,WAS,46,36,1147,9.9,17.0,.581,1.5,3.7,.407,8.4,13.3,.630,3.5,4.7,.741,4.0,9.5,13.5,3.4,1.0,2.0,2.2,4.2,24.8,,127,114,2020
Bruno Caboclo,C,24,TOT,30,0,244,7.3,17.0,.427,1.1,6.3,.182,6.1,10.7,.571,1.5,1.7,.889,4.4,7.1,11.5,2.3,2.9,3.2,2.5,5.9,17.2,,100,105,2020
Bruno Caboclo,C,24,MEM,22,0,192,6.8,16.8,.406,1.0,6.1,.160,5.8,10.7,.545,0.5,0.7,.667,4.1,6.6,10.7,2.4,2.4,2.9,1.7,5.6,15.1,,97,106,2020
Bruno Caboclo,C,24,HOU,8,0,52,8.9,17.8,.500,1.8,7.1,.250,7.1,10.7,.667,5.3,5.3,1.000,5.3,8.9,14.2,1.8,4.4,4.4,5.3,7.1,24.9,,108,98,2020
Devontae Cacok,C,23,LAL,1,0,9,15.8,31.7,.500,0.0,0.0,,15.8,31.7,.500,0.0,0.0,,10.6,15.8,26.4,5.3,0.0,0.0,0.0,0.0,31.7,,122,107,2020
Clint Capela,C,25,HOU,39,39,1279,8.8,14.0,.629,0.0,0.0,,8.8,14.0,.629,2.0,3.8,.529,6.1,13.4,19.4,1.7,1.2,2.6,2.3,3.7,19.6,,124,105,2020
DeMarre Carroll,PF,33,HOU,9,0,155,4.8,11.0,.432,1.5,6.0,.250,3.3,5.1,.647,5.1,6.6,.773,1.5,5.7,7.2,4.2,1.8,0.9,2.1,3.6,16.1,,117,111,2020
Wendell Carter Jr.,C,20,CHI,43,43,1256,7.0,13.2,.534,0.2,1.1,.207,6.8,12.0,.564,4.3,5.8,.737,5.3,10.2,15.5,2.0,1.3,1.4,2.8,6.2,18.6,,115,108,2020
Willie Cauley-Stein,C,26,TOT,54,39,1097,7.6,13.2,.579,0.0,0.0,.000,7.6,13.1,.581,1.7,2.9,.606,3.7,10.1,13.8,3.1,2.1,2.7,1.7,5.3,17.0,,117,108,2020
Willie Cauley-Stein,C,26,GSW,41,37,940,7.3,13.1,.560,0.0,0.0,,7.3,13.1,.560,1.8,2.9,.614,3.6,9.4,13.0,3.1,2.3,2.5,1.8,5.2,16.4,,114,109,2020
Willie Cauley-Stein,C,26,DAL,13,2,157,9.5,13.9,.689,0.0,0.3,.000,9.5,13.5,.705,1.5,2.8,.556,4.0,14.5,18.5,3.1,1.2,3.4,1.5,5.8,20.6,,135,105,2020
Tyson Chandler,C,37,HOU,26,5,219,3.0,3.8,.778,0.0,0.0,,3.0,3.8,.778,1.3,2.7,.462,5.3,8.7,13.9,1.3,1.3,1.7,1.7,6.8,7.2,,135,109,2020
Marquese Chriss,PF,22,GSW,59,21,1196,8.4,15.4,.545,0.3,1.6,.205,8.1,13.8,.584,4.8,6.2,.769,4.6,10.0,14.6,4.6,1.6,2.5,3.1,4.9,21.9,,117,110,2020
Gary Clark,PF,25,TOT,42,5,567,4.5,11.2,.406,3.3,9.3,.351,1.3,1.9,.682,0.8,0.8,.900,3.1,6.1,9.3,1.4,0.5,1.9,0.8,3.9,13.1,,120,112,2020
Gary Clark,PF,25,HOU,18,0,212,5.0,12.9,.390,3.9,11.1,.353,1.1,1.7,.625,1.3,1.5,.857,2.4,6.3,8.7,2.6,0.4,1.5,0.4,4.6,15.3,,126,113,2020
Gary Clark,PF,25,ORL,24,5,355,4.3,10.1,.419,2.9,8.2,.350,1.4,1.9,.714,0.4,0.4,1.000,3.6,6.0,9.6,0.7,0.5,2.1,1.1,3.4,11.8,,116,111,2020
Brandon Clarke,PF,23,MEM,58,4,1300,10.6,17.2,.618,0.8,2.3,.359,9.8,14.9,.658,3.1,4.0,.759,3.3,9.1,12.4,2.9,1.1,1.7,2.0,3.6,25.1,,127,109,2020
Nicolas Claxton,PF,20,BRK,15,0,187,6.8,12.1,.563,0.3,1.8,.143,6.6,10.4,.634,2.8,5.3,.524,4.8,6.3,11.1,4.0,0.3,2.0,2.3,3.5,16.7,,118,111,2020
John Collins,PF,22,ATL,41,41,1363,12.1,20.7,.583,2.0,5.0,.401,10.1,15.7,.642,4.1,5.1,.800,4.0,10.3,14.2,2.1,1.1,2.3,2.6,4.7,30.3,,124,112,2020
Zach Collins,PF,22,POR,11,11,290,5.3,11.2,.471,1.2,3.1,.368,4.1,8.1,.510,1.0,1.3,.750,4.1,7.2,11.3,2.6,0.8,0.8,2.3,5.9,12.7,,110,116,2020
Tyler Cook,PF,22,TOT,13,0,54,7.2,10.9,.667,0.0,0.0,,7.2,10.9,.667,6.3,7.2,.875,5.4,7.2,12.7,0.9,2.7,0.0,2.7,4.5,20.8,,135,112,2020
Tyler Cook,PF,22,CLE,11,0,35,9.7,13.9,.700,0.0,0.0,,9.7,13.9,.700,7.0,8.3,.833,5.6,8.3,13.9,1.4,1.4,0.0,1.4,5.6,26.4,,150,116,2020
Tyler Cook,PF,22,DEN,2,0,19,2.6,5.2,.500,0.0,0.0,,2.6,5.2,.500,5.2,5.2,1.000,5.2,5.2,10.4,0.0,5.2,0.0,5.2,2.6,10.4,,99,105,2020
Robert Covington,PF-C,29,TOT,70,68,2137,6.6,15.7,.422,3.5,10.4,.335,3.1,5.3,.593,2.1,2.7,.798,1.4,8.7,10.0,1.9,2.5,2.0,2.2,4.8,18.9,,105,107,2020
Robert Covington,PF,29,MIN,48,47,1411,7.1,16.3,.435,3.6,10.3,.346,3.6,6.1,.587,2.5,3.1,.798,1.2,8.3,9.4,1.8,2.6,1.5,2.4,4.9,20.2,,106,109,2020
Robert Covington,C,29,HOU,22,21,726,5.7,14.5,.392,3.4,10.7,.315,2.3,3.8,.610,1.5,1.9,.800,1.7,9.5,11.2,2.0,2.2,3.1,1.9,4.6,16.3,,105,105,2020
Anthony Davis,PF,26,LAL,62,62,2131,12.3,24.5,.503,1.6,4.9,.330,10.7,19.6,.546,9.9,11.7,.846,3.2,9.7,12.9,4.5,2.0,3.2,3.4,3.5,36.1,,121,102,2020
Ed Davis,C,30,UTA,28,1,303,3.5,7.4,.478,0.0,0.0,,3.5,7.4,.478,1.1,2.2,.500,5.6,11.2,16.9,1.9,1.8,1.4,2.1,9.8,8.2,,110,106,2020
Dewayne Dedmon,C,30,TOT,44,18,774,6.3,15.8,.400,1.4,6.6,.206,5.0,9.2,.541,1.9,2.2,.833,3.7,11.7,15.4,1.4,1.5,2.5,3.5,8.2,15.9,,90,108,2020
Dewayne Dedmon,C,30,SAC,34,10,541,6.2,15.3,.404,1.3,6.4,.197,4.9,9.0,.550,2.1,2.5,.821,4.1,10.9,15.0,1.3,1.3,2.3,4.2,8.3,15.7,,89,108,2020
Dewayne Dedmon,C,30,ATL,10,8,233,6.6,16.8,.393,1.6,7.2,.222,5.0,9.6,.521,1.4,1.6,.875,2.8,13.6,16.4,1.4,2.0,3.0,2.0,8.0,16.2,,94,107,2020
Cheick Diallo,C,23,PHO,47,2,479,9.1,14.0,.648,0.1,0.3,.333,9.0,13.7,.655,3.4,3.9,.872,3.0,10.0,13.0,2.2,1.1,1.2,3.2,5.4,21.7,,119,110,2020
Gorgui Dieng,C,30,TOT,63,17,1096,7.0,15.4,.456,2.3,6.4,.355,4.8,9.0,.528,3.3,4.3,.772,3.9,11.2,15.0,3.1,2.2,2.5,2.5,5.3,19.7,,113,106,2020
Gorgui Dieng,C,30,MIN,46,17,778,7.4,16.5,.448,2.7,7.2,.383,4.7,9.4,.497,2.8,3.5,.797,4.4,10.9,15.3,3.5,2.2,2.5,2.6,5.3,20.3,,113,107,2020
Gorgui Dieng,C,30,MEM,17,0,318,6.2,12.8,.483,1.2,4.7,.250,5.0,8.1,.618,4.6,6.2,.738,2.6,11.7,14.4,2.2,2.1,2.5,2.3,5.1,18.1,,112,105,2020
Andre Drummond,C,26,TOT,57,56,1879,10.9,20.5,.533,0.1,0.9,.143,10.8,19.6,.551,4.4,7.7,.575,6.5,16.1,22.6,4.0,2.8,2.4,5.3,5.3,26.4,,104,103,2020
Andre Drummond,C,26,DET,49,48,1654,10.7,20.2,.530,0.0,0.6,.048,10.7,19.6,.546,4.4,7.6,.584,6.7,16.3,23.0,4.1,2.9,2.4,5.2,5.2,25.9,,104,102,2020
Andre Drummond,C,26,CLE,8,8,225,12.5,22.7,.552,0.9,3.0,.286,11.7,19.7,.593,4.3,8.4,.513,5.2,14.1,19.2,3.0,2.6,2.4,6.3,5.4,30.3,,100,107,2020
Henry Ellenson,PF,23,BRK,5,0,15,3.2,22.1,.143,0.0,12.6,.000,3.2,9.5,.333,0.0,0.0,,6.3,12.6,18.9,3.2,0.0,0.0,0.0,3.2,6.3,,60,111,2020
Joel Embiid,C,25,PHI,51,51,1506,12.3,25.8,.477,1.8,5.5,.331,10.5,20.2,.517,11.3,14.0,.807,4.5,14.5,19.1,4.9,1.4,2.1,5.1,5.6,37.7,,113,104,2020
Drew Eubanks,PF,22,SAS,22,3,272,7.6,11.8,.642,0.2,0.2,1.000,7.4,11.6,.636,3.5,4.6,.769,4.9,10.0,14.9,2.6,0.9,3.0,3.7,6.5,18.8,,120,111,2020
Tacko Fall,C,24,BOS,7,0,33,16.1,20.5,.786,0.0,0.0,,16.1,20.5,.786,1.5,4.4,.333,1.5,20.5,21.9,1.5,1.5,5.9,4.4,10.2,33.6,,115,93,2020
Derrick Favors,C,28,NOP,51,49,1243,7.8,12.6,.617,0.0,0.3,.143,7.7,12.4,.627,1.5,2.6,.563,6.1,12.6,18.7,3.0,1.1,1.7,2.0,4.0,17.1,,126,109,2020
Cristiano Felício,PF,27,CHI,22,0,386,4.2,6.7,.630,0.0,0.2,.000,4.2,6.5,.654,2.2,2.9,.783,6.9,5.9,12.7,2.0,1.2,0.2,2.2,4.2,10.7,,130,112,2020
Bruno Fernando,C,21,ATL,56,13,713,6.7,13.0,.518,0.3,2.4,.135,6.4,10.6,.605,1.9,3.3,.569,4.4,8.6,12.9,3.2,1.2,1.1,2.7,7.0,15.7,,107,114,2020
Dorian Finney-Smith,PF,26,DAL,71,68,2120,5.5,11.9,.466,2.6,6.9,.376,2.9,5.0,.589,1.8,2.5,.722,3.3,5.9,9.2,2.6,1.0,0.9,1.6,4.1,15.5,,122,113,2020
Wenyen Gabriel,PF,22,TOT,30,1,235,4.3,9.8,.438,1.2,4.1,.300,3.1,5.7,.536,3.1,4.5,.682,4.3,6.3,10.6,1.6,2.2,1.4,3.3,7.9,12.8,,103,112,2020
Wenyen Gabriel,PF,22,SAC,11,0,61,4.8,13.5,.353,0.8,6.4,.125,4.0,7.2,.556,4.8,8.0,.600,3.2,4.8,8.0,2.4,2.4,1.6,4.0,5.6,15.1,,87,110,2020
Wenyen Gabriel,PF,22,POR,19,1,174,4.1,8.5,.484,1.4,3.3,.417,2.7,5.2,.526,2.5,3.3,.750,4.7,6.8,11.5,1.4,2.2,1.4,3.0,8.8,12.1,,112,112,2020
Daniel Gafford,C,21,CHI,43,7,609,7.4,10.6,.701,0.0,0.0,,7.4,10.6,.701,2.5,4.7,.533,4.1,4.3,8.4,1.7,1.0,4.4,2.3,7.8,17.4,,124,109,2020
Danilo Gallinari,PF,31,OKC,62,62,1834,9.5,21.6,.438,4.7,11.6,.405,4.8,10.0,.476,7.0,7.9,.893,0.9,7.6,8.5,3.2,1.1,0.1,2.0,2.0,30.7,,120,111,2020
Marc Gasol,C,35,TOR,44,43,1161,4.9,11.4,.427,2.3,6.1,.385,2.5,5.4,.473,1.5,2.0,.735,1.3,10.0,11.3,6.0,1.4,1.6,2.4,5.1,13.6,,110,103,2020
Rudy Gay,PF,33,SAS,67,5,1461,8.7,19.5,.446,2.4,7.2,.336,6.3,12.3,.511,3.9,4.4,.882,2.0,9.8,11.8,3.7,1.1,1.1,2.9,3.4,23.7,,107,113,2020
Taj Gibson,C,34,NYK,62,56,1025,7.9,13.6,.584,0.2,0.7,.286,7.7,12.9,.599,1.9,2.7,.732,5.3,7.4,12.7,2.5,1.3,1.4,2.2,5.8,18.0,,121,113,2020
Harry Giles,PF,21,SAC,46,17,667,10.1,18.3,.554,0.0,0.1,.000,10.1,18.1,.558,2.8,3.6,.776,3.1,10.5,13.7,4.4,1.6,1.3,3.2,8.7,23.0,,111,109,2020
Rudy Gobert,C,27,UTA,68,68,2333,8.1,11.6,.693,0.0,0.0,,8.1,11.6,.693,5.3,8.4,.630,4.8,14.3,19.1,2.1,1.1,2.8,2.7,4.5,21.4,,130,104,2020
Aaron Gordon,PF,24,ORL,62,62,2017,8.1,18.5,.437,1.8,5.7,.308,6.3,12.8,.494,3.6,5.4,.674,2.6,8.9,11.5,5.5,1.2,0.9,2.4,3.0,21.6,,107,110,2020
Jerami Grant,PF,25,DEN,71,24,1892,7.9,16.6,.478,2.6,6.6,.389,5.4,10.0,.537,3.8,5.1,.750,1.5,5.0,6.5,2.3,1.3,1.5,1.6,4.0,22.2,,117,112,2020
Draymond Green,PF,29,GSW,43,43,1222,4.8,12.4,.389,1.4,5.1,.279,3.4,7.3,.465,2.5,3.3,.759,0.9,9.5,10.4,10.4,2.3,1.3,3.8,4.3,13.5,,100,110,2020
JaMychal Green,PF,29,LAC,63,1,1307,5.5,12.7,.429,3.3,8.6,.387,2.1,4.1,.518,1.3,1.7,.750,2.8,11.2,14.0,1.8,1.0,0.9,2.0,6.3,15.6,,112,106,2020
Jeff Green,PF-C,33,TOT,48,4,960,7.9,17.1,.462,3.1,9.1,.339,4.8,8.0,.602,3.6,4.5,.802,1.2,5.4,6.6,2.5,1.3,0.9,2.1,4.4,22.5,,114,111,2020
Jeff Green,PF,33,UTA,30,2,553,6.6,17.2,.385,3.0,9.2,.327,3.6,8.0,.451,4.3,5.5,.778,1.2,5.9,7.1,1.8,1.1,0.9,2.4,4.0,20.5,,101,111,2020
Jeff Green,C,33,HOU,18,2,407,9.6,16.9,.564,3.2,9.0,.354,6.4,8.0,.800,2.7,3.2,.857,1.1,4.8,5.9,3.4,1.6,1.0,1.7,4.9,25.0,,131,112,2020
Blake Griffin,PF,30,DET,18,18,512,8.5,24.0,.352,2.6,10.7,.243,5.9,13.4,.439,7.3,9.4,.776,1.6,6.4,8.1,5.7,0.7,0.7,3.8,2.6,26.8,,97,115,2020
Rui Hachimura,PF,21,WAS,48,48,1444,8.2,17.6,.466,0.8,2.8,.287,7.4,14.8,.500,3.8,4.5,.829,2.5,7.0,9.5,2.8,1.2,0.3,1.7,3.4,21.0,,110,117,2020
Donta Hall,PF,22,TOT,9,0,133,5.4,7.9,.682,0.0,0.0,,5.4,7.9,.682,3.2,6.5,.500,5.1,8.7,13.7,1.4,1.1,2.2,1.8,8.3,14.1,,125,109,2020
Donta Hall,PF,22,DET,4,0,48,1.0,4.1,.250,0.0,0.0,,1.0,4.1,.250,4.1,6.1,.667,6.1,9.2,15.4,2.0,1.0,1.0,2.0,9.2,6.1,,111,112,2020
Donta Hall,PF,22,BRK,5,0,85,7.8,10.0,.778,0.0,0.0,,7.8,10.0,.778,2.8,6.7,.417,4.5,8.4,12.8,1.1,1.1,2.8,1.7,7.8,18.4,,131,107,2020
Montrezl Harrell,C,26,LAC,63,2,1749,12.7,21.9,.580,0.0,0.5,.000,12.7,21.5,.593,6.2,9.5,.658,4.4,7.6,12.0,2.9,1.1,1.9,2.9,3.9,31.7,,119,107,2020
Tobias Harris,PF,27,PHI,72,72,2469,10.9,23.0,.471,2.6,7.0,.367,8.3,16.0,.517,3.4,4.2,.806,1.4,8.4,9.7,4.5,1.0,0.8,2.0,3.2,27.7,,113,110,2020
Isaiah Hartenstein,C,21,HOU,23,2,266,7.7,11.7,.657,0.0,0.9,.000,7.7,10.8,.710,3.3,4.9,.679,5.0,10.6,15.7,3.1,1.6,2.1,2.8,7.1,18.6,,128,107,2020
Udonis Haslem,PF,39,MIA,4,1,44,4.4,12.2,.364,1.1,3.3,.333,3.3,8.9,.375,3.3,4.4,.750,1.1,16.6,17.7,1.1,0.0,0.0,1.1,6.7,13.3,,97,109,2020
Jaxson Hayes,C,19,NOP,64,14,1080,7.5,11.1,.672,0.0,0.2,.250,7.4,10.9,.678,5.3,8.1,.647,4.2,6.9,11.1,2.4,1.1,2.4,2.3,6.9,20.2,,131,111,2020
John Henson,PF,29,TOT,40,8,600,7.7,13.9,.556,0.7,2.9,.222,7.1,11.0,.644,1.9,3.7,.500,3.7,9.4,13.2,4.4,2.0,3.4,2.9,6.3,18.0,,112,109,2020
John Henson,PF,29,CLE,29,2,412,7.2,14.2,.508,0.7,3.7,.194,6.5,10.5,.618,2.0,3.9,.515,3.8,9.7,13.5,5.1,1.9,3.8,2.5,6.5,17.1,,112,109,2020
John Henson,PF,29,DET,11,6,188,8.9,13.3,.667,0.5,1.3,.400,8.4,12.0,.696,1.6,3.4,.462,3.7,8.9,12.6,2.9,2.1,2.6,3.9,6.0,19.9,,112,108,2020
Dewan Hernandez,C,23,TOR,6,0,28,8.5,23.8,.357,1.7,3.4,.500,6.8,20.4,.333,5.1,8.5,.600,8.5,15.3,23.8,5.1,1.7,0.0,5.1,10.2,23.8,,95,101,2020
Juan Hernangómez,PF,24,TOT,48,14,833,5.7,14.2,.405,2.5,7.4,.341,3.2,6.8,.475,2.5,4.1,.620,2.5,8.9,11.3,2.3,1.1,0.5,1.8,3.7,16.6,,105,113,2020
Juan Hernangómez,PF,24,DEN,34,0,422,4.5,12.9,.345,1.8,7.0,.250,2.7,5.9,.460,1.9,2.9,.640,2.8,8.3,11.1,2.6,0.6,0.6,2.1,3.4,12.5,,95,113,2020
Juan Hernangómez,PF,24,MIN,14,14,411,7.0,15.5,.453,3.3,7.8,.420,3.7,7.7,.485,3.2,5.2,.609,2.1,9.4,11.5,2.0,1.6,0.5,1.6,4.0,20.4,,114,112,2020
Willy Hernangómez,C,25,CHO,31,0,375,9.9,18.6,.532,0.7,2.9,.227,9.2,15.6,.590,4.9,7.9,.627,5.7,12.2,17.9,3.9,1.3,0.9,4.0,4.3,25.4,,110,110,2020
Kevin Hervey,PF,23,OKC,10,0,52,6.5,25.2,.259,2.8,18.7,.150,3.7,6.5,.571,0.0,0.0,,0.9,10.3,11.2,4.7,0.9,0.9,0.0,3.7,15.9,,78,109,2020
Mario Hezonja,PF,24,POR,53,4,871,5.0,11.9,.422,1.3,4.3,.308,3.7,7.7,.486,2.6,3.2,.814,1.6,8.4,10.1,2.7,2.0,0.5,2.3,5.9,14.0,,104,113,2020
Richaun Holmes,C,26,SAC,44,38,1242,8.7,13.4,.648,0.0,0.0,,8.7,13.4,.648,3.6,4.6,.788,5.0,9.0,14.0,1.6,1.6,2.2,2.0,6.6,21.1,,131,109,2020
Al Horford,C,33,PHI,67,61,2025,7.6,17.0,.450,2.4,6.8,.350,5.3,10.2,.516,1.5,1.9,.763,2.5,8.4,10.9,6.5,1.2,1.5,1.9,3.4,19.1,,115,109,2020
Dwight Howard,C,34,LAL,69,2,1306,7.4,10.1,.729,0.1,0.2,.600,7.2,9.9,.732,4.0,7.8,.514,6.3,12.2,18.5,1.6,1.1,2.9,3.1,8.1,18.8,,125,103,2020
William Howard,PF,26,HOU,2,0,13,0.0,14.2,.000,0.0,14.2,.000,0.0,0.0,,0.0,0.0,,0.0,7.1,7.1,3.6,0.0,0.0,3.6,3.6,0.0,,14,115,2020
Serge Ibaka,C,30,TOR,55,27,1485,11.0,21.5,.512,2.2,5.8,.385,8.7,15.6,.559,2.9,4.0,.718,3.7,10.8,14.5,2.5,0.9,1.5,3.5,4.9,27.1,,108,104,2020
Ersan İlyasova,PF,32,MIL,63,8,986,6.8,14.5,.466,2.3,6.3,.365,4.4,8.2,.545,3.3,4.0,.828,2.9,11.1,14.0,2.3,1.1,0.8,1.6,4.4,19.2,,119,102,2020
Brandon Ingram,PF,22,NOP,62,62,2104,11.2,24.1,.463,3.3,8.4,.391,7.9,15.7,.501,6.9,8.1,.851,1.1,7.2,8.4,5.7,1.3,0.8,4.2,3.9,32.5,,112,112,2020
Jaren Jackson Jr.,C,20,MEM,57,57,1622,10.2,21.7,.469,4.2,10.6,.394,6.0,11.1,.540,4.0,5.4,.747,1.6,6.0,7.5,2.2,1.2,2.6,2.8,6.7,28.5,,110,110,2020
Justin Jackson,PF,24,DAL,65,3,1045,6.2,15.8,.396,2.2,7.5,.294,4.0,8.2,.489,1.9,2.3,.840,1.2,5.9,7.1,2.4,0.7,0.5,0.6,3.2,16.6,,108,115,2020
Amile Jefferson,PF,26,ORL,18,0,74,3.3,9.2,.357,0.0,0.0,,3.3,9.2,.357,3.3,9.2,.357,6.6,8.6,15.1,2.6,0.7,2.0,2.0,4.6,9.9,,95,110,2020
Cameron Johnson,PF,23,PHO,57,9,1255,6.6,15.3,.435,4.0,10.3,.390,2.6,5.0,.526,1.7,2.2,.807,1.8,5.2,7.1,2.6,1.4,0.8,1.2,3.3,19.0,,117,113,2020
James Johnson,PF,32,TOT,32,1,619,7.9,16.5,.479,2.5,7.0,.363,5.4,9.5,.565,2.4,3.7,.646,1.9,7.1,9.1,5.7,1.9,2.5,3.7,6.1,20.7,,107,108,2020
James Johnson,PF,32,MIA,18,0,281,6.8,15.1,.448,2.8,7.8,.356,4.0,7.3,.548,1.4,2.4,.571,1.4,7.6,9.0,3.6,1.0,2.3,2.6,5.9,17.7,,103,109,2020
James Johnson,PF,32,MIN,14,1,338,8.8,17.6,.500,2.3,6.3,.370,6.5,11.3,.573,3.2,4.7,.676,2.3,6.7,9.1,7.3,2.6,2.6,4.5,6.3,23.1,,109,108,2020
Stanley Johnson,PF,23,TOR,25,0,150,7.0,18.7,.373,2.2,7.6,.292,4.8,11.1,.429,2.9,5.1,.563,2.2,9.5,11.7,6.3,1.9,1.3,4.8,5.1,19.0,,90,103,2020
Nikola Jokić,C,24,DEN,73,73,2336,12.0,22.7,.528,1.7,5.4,.314,10.3,17.3,.594,5.2,6.4,.817,3.5,11.5,15.0,10.8,1.8,0.9,4.8,4.7,30.8,,119,108,2020
Damian Jones,C,24,ATL,55,27,887,6.4,9.4,.680,0.1,0.5,.222,6.3,8.9,.704,3.3,4.4,.738,3.9,6.9,10.8,1.8,1.4,2.1,1.5,7.8,16.1,,138,113,2020
DeAndre Jordan,C,31,BRK,56,6,1234,7.3,11.0,.666,0.0,0.0,,7.3,11.0,.666,3.2,4.7,.680,5.4,16.1,21.5,4.0,0.7,2.0,2.8,4.4,17.8,,129,104,2020
Mfiondu Kabengele,C,22,LAC,12,0,64,10.3,23.6,.438,6.6,14.8,.450,3.7,8.9,.417,3.7,3.7,1.000,0.7,7.4,8.1,1.5,1.5,1.5,1.5,6.6,31.0,,119,107,2020
Frank Kaminsky,C,26,PHO,39,13,777,8.4,18.7,.450,2.5,7.6,.331,5.9,11.2,.530,3.7,5.5,.678,2.1,8.6,10.7,4.6,0.9,0.6,2.3,4.6,23.0,,110,112,2020
Enes Kanter,C,27,BOS,58,7,983,9.8,17.1,.572,0.0,0.3,.143,9.7,16.7,.581,3.4,4.9,.707,8.0,13.2,21.2,2.7,1.1,2.0,2.7,4.9,23.0,,123,104,2020
Michael Kidd-Gilchrist,PF,26,CHO,12,0,160,5.6,16.6,.340,1.6,5.3,.294,4.1,11.3,.361,2.2,2.8,.778,2.8,8.1,11.0,3.1,0.0,0.9,2.2,5.6,15.0,,91,115,2020
Maxi Kleber,C,28,DAL,74,21,1890,6.1,13.1,.461,3.0,8.2,.373,3.0,5.0,.605,2.0,2.4,.849,2.9,7.1,9.9,2.3,0.6,2.1,1.5,4.5,17.2,,122,112,2020
Luke Kornet,C,24,CHI,36,14,559,7.1,16.1,.439,2.7,9.3,.287,4.4,6.8,.646,1.7,2.4,.714,1.9,5.3,7.2,2.8,0.9,2.2,1.2,4.7,18.5,,112,111,2020
Rodions Kurucs,PF,21,BRK,47,9,684,5.5,12.2,.446,2.3,6.2,.367,3.2,6.0,.529,1.7,2.6,.632,1.7,7.7,9.5,3.5,1.7,0.3,3.2,6.2,14.9,,101,109,2020
Kyle Kuzma,PF,24,LAL,61,9,1526,9.1,20.8,.436,2.7,8.5,.316,6.4,12.3,.518,3.6,4.8,.735,1.6,6.9,8.5,2.5,0.9,0.8,2.8,3.9,24.4,,103,109,2020
Skal Labissière,C,23,POR,33,1,567,6.8,12.4,.551,0.3,1.1,.231,6.6,11.3,.582,2.1,2.8,.758,5.5,8.7,14.2,3.5,0.6,2.6,2.5,7.5,16.0,,121,113,2020
Jake Layman,PF,25,MIN,23,2,505,7.4,16.5,.453,2.2,6.6,.333,5.2,9.8,.533,2.2,2.9,.750,1.6,3.7,5.2,1.4,1.6,0.9,2.2,4.3,19.3,,102,114,2020
T.J. Leaf,PF,22,IND,28,1,222,7.9,18.8,.419,1.1,3.9,.278,6.8,14.9,.456,1.5,3.5,.438,5.0,10.5,15.5,2.0,2.2,0.9,1.7,4.8,18.4,,98,105,2020
Alex Len,C,26,TOT,55,12,970,8.6,15.5,.555,0.8,2.9,.271,7.8,12.6,.619,3.3,5.1,.648,4.8,10.7,15.6,2.4,1.1,2.3,2.7,6.2,21.2,,116,111,2020
Alex Len,C,26,ATL,40,9,745,8.9,16.3,.546,0.9,3.5,.250,8.0,12.8,.627,3.2,5.1,.630,4.3,10.1,14.4,2.6,1.3,2.1,2.4,5.8,21.8,,115,112,2020
Alex Len,C,26,SAC,15,3,225,7.5,12.7,.593,0.4,0.6,.667,7.1,12.1,.589,3.7,5.2,.708,6.7,12.9,19.6,1.7,0.6,3.2,3.5,7.3,19.2,,119,108,2020
Meyers Leonard,C,27,MIA,51,49,1034,5.6,11.0,.509,2.5,6.0,.414,3.1,5.0,.623,0.8,1.3,.643,1.4,10.9,12.3,2.6,0.7,0.7,1.8,5.1,14.6,,114,110,2020
Nassir Little,PF,19,POR,48,5,573,5.4,12.6,.430,1.2,4.9,.237,4.2,7.7,.554,2.3,3.7,.636,2.6,6.4,9.0,1.8,1.1,1.2,1.2,6.0,14.3,,108,116,2020
Kevon Looney,C,23,GSW,20,4,262,5.3,14.4,.367,0.2,2.6,.071,5.1,11.9,.431,1.6,2.2,.750,5.1,6.9,12.1,3.7,2.2,1.1,2.2,6.2,12.4,,94,112,2020
Brook Lopez,C,31,MIL,68,67,1817,7.3,16.9,.435,2.6,8.2,.314,4.8,8.7,.549,3.2,3.8,.836,1.5,6.4,7.8,2.5,1.2,4.1,1.8,4.1,20.4,,109,100,2020
Robin Lopez,C,31,MIL,66,5,958,7.0,14.3,.492,1.7,5.0,.333,5.3,9.2,.577,1.3,2.5,.528,2.7,5.0,7.7,2.1,0.5,2.1,3.0,4.6,17.0,,101,105,2020
Kevin Love,PF,31,CLE,56,56,1780,8.9,19.9,.450,4.0,10.7,.374,4.9,9.2,.537,5.1,6.0,.854,1.5,13.5,15.0,4.9,0.9,0.5,3.8,2.5,27.0,,112,113,2020
Trey Lyles,PF,24,SAS,63,53,1271,5.8,12.9,.446,2.4,6.3,.387,3.3,6.6,.503,1.2,1.7,.733,2.7,10.9,13.6,2.6,1.1,1.1,1.5,3.7,15.2,,113,113,2020
Ian Mahinmi,C,33,WAS,38,35,808,6.0,12.1,.495,0.3,1.5,.192,5.7,10.6,.538,4.0,6.5,.619,4.5,8.1,12.6,2.8,1.8,2.5,2.6,6.6,16.4,,110,112,2020
Thon Maker,C,22,DET,60,14,776,5.9,12.2,.482,1.4,4.1,.344,4.5,8.2,.550,4.6,7.0,.664,3.4,7.2,10.6,2.7,1.6,2.5,2.9,6.5,17.8,,111,110,2020
Boban Marjanović,C,31,DAL,44,5,422,13.9,24.2,.573,0.5,1.9,.235,13.4,22.2,.603,4.9,6.5,.754,7.6,15.0,22.6,2.3,0.9,1.1,3.4,6.4,33.1,,120,108,2020
Lauri Markkanen,PF,22,CHI,50,50,1492,8.1,19.1,.425,3.5,10.2,.344,4.6,8.8,.518,4.1,4.9,.824,1.9,8.2,10.1,2.4,1.4,0.7,2.6,3.1,23.8,,108,110,2020
Luc Mbah a Moute,PF,33,HOU,3,0,25,3.7,9.3,.400,0.0,3.7,.000,3.7,5.6,.667,1.9,3.7,.500,1.9,1.9,3.7,0.0,3.7,0.0,1.9,0.0,9.3,,82,110,2020
Jalen McDaniels,PF,22,CHO,16,0,293,5.6,12.0,.471,1.5,4.1,.375,4.1,7.9,.522,2.4,2.9,.824,2.6,8.5,11.1,2.2,1.4,0.5,1.9,6.2,15.2,,112,113,2020
Doug McDermott,PF,28,IND,69,0,1372,9.4,19.3,.488,4.5,10.4,.435,4.9,8.9,.549,1.7,2.1,.828,0.9,5.2,6.2,2.8,0.4,0.2,1.5,4.1,25.1,,117,113,2020
JaVale McGee,C,32,LAL,68,68,1130,8.2,12.9,.637,0.1,0.3,.500,8.1,12.6,.640,2.2,3.5,.646,5.3,11.2,16.4,1.6,1.5,4.0,2.3,6.7,18.8,,124,101,2020
Nicolò Melli,C,29,NOP,60,8,1042,6.0,14.3,.421,3.1,9.1,.335,3.0,5.2,.573,2.4,3.2,.740,1.7,6.3,8.0,3.6,1.5,1.0,2.0,5.5,17.5,,111,112,2020
Chimezie Metu,PF,22,SAS,18,0,105,10.9,19.1,.571,0.0,0.9,.000,10.9,18.2,.600,4.6,5.9,.769,5.5,9.6,15.0,4.6,1.4,2.7,4.6,3.2,26.4,,113,110,2020
Eric Mika,PF,25,SAC,1,0,19,5.1,7.7,.667,0.0,0.0,,5.1,7.7,.667,5.1,5.1,1.000,5.1,12.8,17.9,0.0,0.0,0.0,0.0,12.8,15.3,,173,113,2020
Paul Millsap,PF,34,DEN,51,48,1240,8.4,17.5,.482,2.2,4.9,.435,6.3,12.5,.500,4.6,5.6,.816,3.9,7.8,11.7,3.3,1.8,1.2,2.8,6.0,23.6,,116,110,2020
Juwan Morgan,PF,22,UTA,21,0,134,5.4,9.4,.577,1.1,2.9,.375,4.4,6.5,.667,1.1,1.5,.750,3.6,6.9,10.5,2.2,0.4,0.7,2.2,6.9,13.1,,121,112,2020
Marcus Morris,PF,30,LAC,19,19,549,6.4,15.0,.425,2.2,7.2,.310,4.1,7.7,.533,1.5,1.9,.818,0.9,5.8,6.7,2.3,1.1,1.1,2.1,4.5,16.5,,101,109,2020
Markieff Morris,PF,30,TOT,58,17,1187,8.4,18.9,.443,3.6,9.4,.386,4.7,9.5,.500,2.7,3.5,.776,1.6,7.3,9.0,3.2,1.3,0.7,3.1,5.5,23.1,,105,112,2020
Markieff Morris,PF,30,DET,44,16,988,8.7,19.4,.450,3.7,9.4,.397,5.0,10.0,.500,3.0,3.9,.772,1.2,7.4,8.6,3.4,1.3,0.5,3.5,5.2,24.2,,104,113,2020
Markieff Morris,PF,30,LAL,14,1,199,6.7,16.5,.406,3.1,9.3,.333,3.6,7.2,.500,1.2,1.4,.833,3.8,6.9,10.8,1.9,1.2,1.4,1.4,6.9,17.7,,110,107,2020
Johnathan Motley,PF,24,LAC,13,0,41,12.7,17.3,.733,1.2,1.2,1.000,11.5,16.1,.714,5.8,8.1,.714,3.5,8.1,11.5,9.2,3.5,0.0,5.8,6.9,32.3,,132,104,2020
Mike Muscala,C,28,OKC,47,2,572,6.5,16.1,.407,4.6,12.1,.378,2.0,3.9,.500,1.5,1.9,.818,1.4,7.8,9.2,3.4,0.8,1.0,1.4,4.9,19.2,,114,110,2020
Larry Nance Jr.,C,27,CLE,56,10,1472,7.6,14.2,.531,1.9,5.3,.352,5.7,9.0,.636,1.7,2.4,.676,3.5,10.0,13.5,4.1,1.9,0.7,2.0,3.0,18.6,,122,113,2020
Georges Niang,PF,26,UTA,66,1,923,7.4,17.0,.438,4.7,11.9,.400,2.7,5.1,.526,1.1,1.3,.833,0.8,5.9,6.7,2.3,0.9,0.3,1.6,4.0,20.7,,113,112,2020
Joakim Noah,C,34,LAC,5,0,50,3.8,7.6,.500,0.0,0.0,,3.8,7.6,.500,5.7,7.6,.750,4.7,10.4,15.1,6.6,0.9,0.9,5.7,8.5,13.2,,107,107,2020
Nerlens Noel,C,25,OKC,61,7,1127,7.9,11.6,.684,0.0,0.1,.333,7.9,11.5,.688,3.4,4.6,.755,3.9,9.0,12.9,2.5,2.5,3.9,2.8,7.2,19.4,,127,102,2020
Jusuf Nurkić,C,25,POR,8,8,253,10.2,20.5,.495,0.4,1.9,.200,9.8,18.6,.525,5.8,6.6,.886,4.3,11.1,15.4,6.0,2.1,3.0,3.6,7.3,26.6,,116,108,2020
Royce O'Neale,PF,26,UTA,71,62,2049,3.8,8.7,.433,2.2,5.8,.377,1.6,2.9,.545,1.0,1.3,.764,0.6,8.6,9.2,4.3,1.4,0.8,1.4,4.8,10.7,,117,109,2020
Kyle O'Quinn,C,29,PHI,29,2,313,6.5,13.2,.494,1.1,4.2,.259,5.4,9.0,.603,1.7,3.1,.550,5.3,12.7,18.0,7.9,1.1,3.7,3.1,5.7,15.8,,117,104,2020
Semi Ojeleye,PF,25,BOS,69,6,1011,3.8,9.4,.408,2.3,6.1,.378,1.5,3.3,.464,1.3,1.5,.875,1.2,5.7,6.9,1.8,1.0,0.2,0.9,3.8,11.3,,116,111,2020
Jahlil Okafor,C,24,NOP,30,9,467,10.0,16.1,.623,0.1,0.3,.333,9.9,15.8,.629,4.0,6.1,.645,4.8,7.8,12.6,3.7,0.7,2.2,3.8,6.6,24.1,,117,112,2020
Kelly Olynyk,C,28,MIA,67,9,1300,6.9,14.9,.462,3.6,8.8,.406,3.3,6.2,.543,3.2,3.8,.860,1.7,9.8,11.5,4.4,1.7,0.9,2.7,6.5,20.6,,116,108,2020
Tariq Owens,PF,24,PHO,3,0,15,3.2,15.8,.200,0.0,6.3,.000,3.2,9.5,.333,6.3,6.3,1.000,6.3,3.2,9.5,0.0,3.2,0.0,0.0,3.2,12.6,,96,111,2020
Jabari Parker,PF,24,TOT,38,23,917,11.2,21.9,.510,1.6,6.1,.269,9.5,15.8,.603,3.1,4.1,.753,3.1,7.8,10.9,3.5,2.3,0.8,3.3,5.0,27.1,,108,112,2020
Jabari Parker,PF,24,ATL,32,23,837,11.0,21.9,.504,1.7,6.4,.270,9.3,15.5,.601,3.0,4.0,.736,3.0,7.6,10.6,3.2,2.3,0.8,3.3,5.2,26.7,,106,113,2020
Jabari Parker,PF,24,SAC,6,0,80,12.7,21.8,.583,0.6,2.4,.250,12.1,19.4,.625,4.9,5.5,.889,4.2,9.7,13.9,6.1,1.8,0.6,2.4,3.6,30.9,,129,110,2020
Eric Paschall,PF,23,GSW,60,26,1654,9.2,18.5,.497,1.1,3.7,.287,8.1,14.8,.550,4.7,6.1,.774,2.4,5.6,8.0,3.7,0.9,0.4,2.7,3.6,24.2,,110,117,2020
Anžejs Pasečņiks,C,24,WAS,27,0,437,6.5,12.4,.526,0.0,0.3,.000,6.5,12.1,.540,3.6,6.2,.586,4.5,7.0,11.4,1.9,1.0,1.3,2.6,8.0,16.7,,109,116,2020
Patrick Patterson,PF,30,LAC,59,18,776,5.8,14.2,.408,4.1,10.5,.390,1.7,3.7,.459,2.1,2.6,.814,2.1,7.1,9.2,2.5,0.4,0.2,1.3,3.3,17.8,,119,111,2020
Justin Patton,C,22,OKC,5,0,24,8.1,20.2,.400,2.0,8.1,.250,6.1,12.1,.500,0.0,0.0,,2.0,8.1,10.1,4.0,0.0,0.0,4.0,8.1,18.2,,86,113,2020
Norvel Pelle,C,26,PHI,24,0,232,5.2,10.0,.521,0.0,0.2,.000,5.2,9.8,.532,1.5,2.9,.500,4.2,10.9,15.0,1.7,0.6,6.5,3.8,11.5,11.9,,94,102,2020
Mason Plumlee,C,29,DEN,61,1,1057,8.3,13.5,.615,0.0,0.2,.000,8.3,13.2,.625,3.9,7.2,.535,4.6,10.2,14.8,7.2,1.5,1.8,3.8,6.7,20.4,,118,108,2020
Jakob Poeltl,C,24,SAS,66,18,1171,6.8,10.9,.624,0.0,0.0,,6.8,10.9,.624,1.6,3.5,.465,5.3,10.0,15.3,4.7,1.5,3.9,2.2,5.1,15.2,,125,108,2020
Vincent Poirier,C,26,BOS,22,0,130,6.3,13.4,.472,0.4,0.7,.500,5.9,12.6,.471,2.2,2.6,.857,4.8,11.1,16.0,3.0,0.7,3.3,3.0,9.3,15.2,,107,104,2020
Michael Porter Jr.,PF,21,DEN,55,8,903,10.7,21.0,.509,3.4,8.0,.422,7.3,12.9,.564,3.3,3.9,.833,3.6,10.6,14.2,2.5,1.5,1.4,2.7,5.5,28.0,,118,109,2020
Bobby Portis,C,24,NYK,66,5,1393,9.3,20.6,.450,2.3,6.5,.358,6.9,14.1,.493,2.5,3.3,.763,2.8,9.0,11.8,3.4,1.1,0.6,2.6,3.8,23.3,,107,113,2020
Kristaps Porziņģis,PF,24,DAL,57,57,1814,10.6,24.8,.427,3.8,10.7,.352,6.8,14.1,.484,6.0,7.5,.799,2.7,11.7,14.4,2.7,1.1,3.1,2.5,4.9,31.0,,111,107,2020
Dwight Powell,C,28,DAL,40,37,1061,6.7,10.4,.638,0.5,1.8,.256,6.2,8.7,.716,3.4,5.1,.667,3.4,6.9,10.3,2.7,1.5,1.0,1.6,4.6,17.1,,134,111,2020
Julius Randle,PF,25,NYK,64,64,2080,10.8,23.5,.460,1.5,5.4,.277,9.3,18.1,.515,6.0,8.2,.733,3.5,11.0,14.6,4.6,1.2,0.5,4.5,4.2,29.2,,105,112,2020
Naz Reid,C,20,MIN,30,11,495,9.4,22.8,.412,3.0,9.1,.330,6.4,13.7,.466,3.5,5.0,.698,3.2,8.4,11.6,3.3,1.8,2.1,2.1,7.8,25.2,,105,110,2020
Mitchell Robinson,C,21,NYK,61,7,1412,8.7,11.8,.742,0.0,0.0,,8.7,11.8,.742,2.9,5.1,.568,6.4,8.3,14.8,1.2,1.8,4.1,1.3,6.7,20.3,,144,107,2020
Domantas Sabonis,C,23,IND,62,62,2159,10.3,19.1,.540,0.4,1.5,.254,9.9,17.6,.565,4.8,6.7,.723,4.2,13.1,17.3,7.0,1.1,0.7,3.8,4.4,25.8,,115,106,2020
Luka Šamanić,PF,20,SAS,3,1,48,5.0,15.9,.313,3.0,8.0,.375,2.0,8.0,.250,3.0,4.0,.750,1.0,9.0,10.0,6.0,0.0,2.0,2.0,6.0,15.9,,98,115,2020
Dario Šarić,PF,25,PHO,66,51,1632,7.4,15.6,.476,2.4,6.8,.357,5.0,8.8,.568,3.1,3.7,.844,2.9,8.9,11.8,3.6,1.1,0.5,2.6,4.5,20.4,,114,112,2020
Mike Scott,PF,31,PHI,68,11,1207,6.0,14.1,.426,3.2,8.7,.369,2.8,5.3,.519,1.2,1.5,.811,2.6,7.3,10.0,2.2,0.8,0.2,1.0,3.9,16.4,,117,112,2020
Thabo Sefolosha,PF,35,HOU,41,0,436,3.9,9.7,.407,1.6,5.7,.278,2.3,3.9,.595,0.3,0.8,.375,2.2,7.6,9.9,2.7,2.5,1.3,1.6,4.6,9.8,,103,107,2020
Pascal Siakam,PF,25,TOR,60,60,2110,11.3,24.9,.453,3.0,8.2,.359,8.3,16.7,.499,5.4,6.8,.792,1.4,8.5,9.9,4.7,1.4,1.2,3.3,3.8,30.9,,107,105,2020
Chris Silva,PF,23,MIA,44,0,346,6.8,11.0,.615,0.0,0.4,.000,6.8,10.6,.640,5.2,7.8,.673,8.5,9.3,17.8,3.2,1.3,3.0,4.5,12.0,18.8,,120,106,2020
Alen Smailagić,PF,19,GSW,14,0,139,6.9,13.8,.500,1.0,4.5,.231,5.9,9.3,.630,5.5,6.5,.842,3.4,5.9,9.3,4.5,1.0,1.4,3.8,4.8,20.3,,112,115,2020
Omari Spellman,PF,22,GSW,49,3,886,6.9,15.9,.431,2.3,5.9,.391,4.5,10.0,.454,3.9,5.0,.793,4.2,7.7,11.8,2.5,1.8,1.3,2.9,3.4,20.0,,107,112,2020
Caleb Swanigan,PF,22,TOT,27,1,288,4.6,7.8,.596,0.0,0.3,.000,4.6,7.5,.622,1.5,2.8,.529,4.5,12.1,16.6,5.1,0.5,1.2,6.1,10.3,10.8,,95,113,2020
Caleb Swanigan,PF,22,SAC,7,0,23,4.2,8.4,.500,0.0,0.0,,4.2,8.4,.500,2.1,4.2,.500,4.2,10.5,14.8,4.2,2.1,4.2,12.7,16.9,10.5,,61,104,2020
Caleb Swanigan,PF,22,POR,20,1,265,4.7,7.7,.605,0.0,0.4,.000,4.7,7.4,.634,1.4,2.7,.533,4.5,12.2,16.7,5.2,0.4,0.9,5.6,9.7,10.8,,99,114,2020
Jayson Tatum,PF,21,BOS,66,66,2265,11.8,26.1,.450,4.0,10.0,.403,7.7,16.1,.480,5.4,6.7,.812,1.4,8.4,9.8,4.3,2.0,1.2,3.3,2.9,33.0,,111,106,2020
Daniel Theis,C,27,BOS,65,64,1566,7.4,13.1,.566,1.0,3.0,.333,6.4,10.2,.633,2.7,3.5,.763,4.3,8.8,13.1,3.4,1.1,2.6,1.7,6.7,18.5,,130,105,2020
Tristan Thompson,C,28,CLE,57,51,1721,8.1,15.9,.512,0.3,0.7,.391,7.9,15.2,.518,2.8,4.6,.615,6.4,9.9,16.3,3.4,0.9,1.4,2.9,3.5,19.3,,112,114,2020
Anthony Tolliver,PF,34,TOT,55,13,872,3.5,9.9,.357,2.7,7.9,.338,0.9,2.0,.432,1.1,1.6,.724,1.9,6.5,8.4,2.3,1.0,0.6,1.9,4.0,10.9,,103,115,2020
Anthony Tolliver,PF,34,POR,33,9,554,3.7,10.1,.368,2.6,7.7,.337,1.1,2.4,.464,1.1,1.6,.684,2.3,7.1,9.5,2.5,0.7,0.8,1.8,4.6,11.1,,106,117,2020
Anthony Tolliver,PF,34,SAC,9,0,82,1.8,10.1,.176,1.2,8.9,.133,0.6,1.2,.500,0.6,1.2,.500,1.2,5.3,6.5,1.8,2.4,0.6,2.4,3.6,5.3,,57,112,2020
Anthony Tolliver,PF,34,MEM,13,4,236,3.8,9.5,.396,3.4,8.1,.415,0.4,1.4,.286,1.4,1.6,.875,1.0,5.5,6.5,2.0,1.4,0.2,1.8,2.8,12.3,,110,113,2020
Karl-Anthony Towns,C,24,MIN,35,35,1187,12.4,24.3,.508,4.5,10.8,.412,7.9,13.5,.586,7.0,8.8,.796,3.7,11.1,14.8,6.0,1.3,1.6,4.3,4.6,36.2,,121,110,2020
P.J. Tucker,PF,34,HOU,72,72,2467,3.3,8.0,.415,2.0,5.6,.358,1.3,2.4,.551,0.7,0.9,.813,2.1,6.8,8.9,2.2,1.4,0.7,1.4,4.3,9.4,,114,111,2020
Myles Turner,C,23,IND,62,62,1826,7.1,15.6,.457,2.3,6.6,.344,4.8,9.0,.540,3.4,4.5,.751,2.3,8.5,10.8,1.9,1.2,3.5,2.3,4.4,19.9,,108,105,2020
Jonas Valančiūnas,C,27,MEM,70,70,1845,10.9,18.7,.585,0.8,2.3,.352,10.1,16.4,.617,3.7,5.1,.740,5.4,14.6,19.9,3.3,0.8,1.9,3.2,4.7,26.4,,120,107,2020
Jarred Vanderbilt,PF,20,MIN,2,0,5,0.0,9.3,.000,0.0,9.3,.000,0.0,0.0,,18.6,18.6,1.000,0.0,9.3,9.3,0.0,0.0,0.0,0.0,0.0,18.6,,124,116,2020
Noah Vonleh,C-PF,24,TOT,36,1,377,6.4,11.4,.565,0.4,1.9,.200,6.1,9.5,.636,3.1,4.0,.781,4.6,10.8,15.3,3.5,1.4,0.7,2.6,4.9,16.3,,121,111,2020
Noah Vonleh,C,24,MIN,29,1,347,6.3,11.5,.547,0.3,1.9,.143,6.0,9.6,.625,3.1,3.7,.821,4.5,11.0,15.5,3.5,1.5,0.8,2.5,4.8,15.9,,119,111,2020
Noah Vonleh,PF,24,DEN,7,0,30,8.2,9.9,.833,1.6,1.6,1.000,6.6,8.2,.800,3.3,6.6,.500,4.9,8.2,13.2,3.3,0.0,0.0,3.3,6.6,21.4,,136,115,2020
Nikola Vučević,C,29,ORL,62,62,1998,12.0,25.2,.477,2.4,7.0,.339,9.6,18.1,.531,3.2,4.1,.784,3.4,13.0,16.4,5.4,1.3,1.1,2.1,3.3,29.6,,114,107,2020
Dean Wade,PF,23,CLE,12,0,71,6.2,8.9,.692,1.4,2.7,.500,4.8,6.2,.778,0.0,0.7,.000,2.1,11.0,13.0,1.4,1.4,2.7,2.1,5.5,13.7,,122,111,2020
Moritz Wagner,C,22,WAS,45,5,835,8.1,14.9,.545,1.4,4.5,.313,6.7,10.4,.645,4.4,5.3,.821,3.1,9.1,12.3,3.1,1.6,1.1,3.7,8.5,22.0,,114,113,2020
P.J. Washington,PF,21,CHO,58,57,1759,7.6,16.8,.455,2.4,6.6,.374,5.2,10.2,.507,2.5,3.9,.647,1.7,7.3,9.0,3.5,1.5,1.3,2.6,4.5,20.2,,105,112,2020
Hassan Whiteside,C,30,POR,67,61,2008,10.3,16.7,.621,0.1,0.2,.571,10.3,16.5,.622,3.9,5.7,.686,6.1,15.4,21.5,1.9,0.6,4.7,2.8,4.7,24.7,,125,107,2020
Grant Williams,PF,21,BOS,69,5,1043,4.0,9.8,.412,1.1,4.4,.250,2.9,5.3,.548,1.8,2.5,.722,2.7,5.5,8.2,3.1,1.4,1.7,2.3,7.5,11.0,,104,108,2020
Johnathan Williams,C,24,WAS,15,6,180,4.9,8.8,.559,0.0,0.5,.000,4.9,8.3,.594,1.8,3.4,.538,6.2,10.4,16.6,2.1,0.3,2.1,1.3,4.2,11.7,,126,115,2020
Kenrich Williams,PF,25,NOP,39,18,832,2.8,8.2,.347,1.4,5.4,.258,1.4,2.8,.520,0.5,1.4,.346,2.8,7.5,10.3,3.2,1.5,1.2,1.2,4.9,7.6,,103,111,2020
Marvin Williams,PF,33,TOT,58,1,1129,5.1,11.5,.446,2.4,6.7,.359,2.7,4.8,.568,2.1,2.5,.860,1.3,6.6,7.9,2.6,1.6,1.3,1.4,4.4,14.8,,116,110,2020
Marvin Williams,PF,33,CHO,41,1,808,5.8,13.0,.448,2.7,7.3,.376,3.1,5.8,.538,2.7,3.1,.860,0.9,5.8,6.8,2.5,1.6,1.4,1.6,4.4,17.1,,115,113,2020
Marvin Williams,PF,33,MIL,17,0,321,3.6,8.1,.439,1.7,5.5,.308,1.8,2.6,.722,0.9,1.0,.857,2.1,8.4,10.5,2.7,1.4,1.1,1.1,4.6,9.7,,119,103,2020
Robert Williams,C,22,BOS,29,1,388,8.0,10.9,.727,0.0,0.0,,8.0,10.9,.727,2.7,4.2,.647,5.0,10.9,15.9,3.4,2.7,4.4,2.6,6.3,18.7,,134,98,2020
Zion Williamson,PF,19,NOP,24,24,668,14.5,24.9,.583,0.4,1.0,.429,14.1,24.0,.590,7.9,12.3,.640,4.4,6.0,10.4,3.5,1.1,0.6,4.1,2.9,37.4,,115,114,2020
D.J. Wilson,PF,23,MIL,37,1,363,6.5,16.6,.394,2.3,9.2,.247,4.3,7.4,.576,1.4,2.3,.611,1.5,10.1,11.6,3.1,0.4,0.6,2.4,4.2,16.7,,94,105,2020
Christian Wood,PF,24,DET,62,12,1325,10.7,18.9,.567,2.0,5.2,.386,8.7,13.7,.636,6.7,9.0,.744,3.9,10.6,14.5,2.2,1.3,2.0,3.1,3.6,30.1,,123,110,2020
Thaddeus Young,PF,31,CHI,64,16,1591,8.1,18.2,.448,2.4,6.7,.356,5.8,11.5,.501,1.3,2.2,.583,2.8,6.7,9.5,3.5,2.8,0.7,3.1,4.1,20.0,,101,108,2020
Cody Zeller,C,27,CHO,58,39,1341,9.4,17.9,.524,0.7,2.8,.240,8.7,15.1,.577,4.6,6.7,.682,6.0,9.4,15.4,3.3,1.5,0.9,2.8,5.2,24.0,,116,111,2020
Tyler Zeller,C,30,SAS,2,0,4,11.9,47.8,.250,0.0,0.0,,11.9,47.8,.250,0.0,0.0,,35.8,11.9,47.8,0.0,0.0,0.0,0.0,0.0,23.9,,95,116,2020
Ante Žižić,C,23,CLE,22,0,221,9.0,15.9,.569,0.0,0.0,,9.0,15.9,.569,3.1,4.2,.737,4.0,10.6,14.5,1.3,1.5,1.1,2.2,5.9,21.1,,116,113,2020
Ivica Zubac,C,22,LAC,72,70,1326,8.4,13.7,.613,0.0,0.1,.000,8.4,13.7,.616,4.4,5.9,.747,7.0,12.3,19.4,2.9,0.6,2.4,2.2,6.0,21.2,,134,105,2020
